temp,temp_delta,humidity,unsafe_mins,damage,anomaly_flag,will_breach_10min
5.188,0.1881,47.2,0,0.0,0,0
5.569,0.3814,53.74,0,0.0,0,1
5.493,-0.076,58.52,0,0.0,0,1
6.608,1.1148,59.51,0,0.0,0,1
6.472,-0.1367,56.48,0,0.0,0,1
6.755,0.2839,54.8,0,0.0,0,1
7.801,1.0455,59.89,0,0.0,0,1
8.577,0.7764,53.59,0,0.0,0,1
8.407,-0.1708,56.65,1,0.0869,0,1
9.665,1.2587,53.37,2,0.1718,0,1
8.652,-1.0134,57.46,3,0.2718,0,1
8.798,0.1464,51.64,4,0.3596,0,1
9.411,0.6126,57.97,5,0.4492,0,1
11.372,1.9611,57.17,6,0.5461,0,1
12.159,0.7874,55.47,7,0.6666,0,1
10.756,-1.4038,55.89,8,0.7965,0,1
10.613,-0.1424,56.16,9,0.9096,0,1
12.634,2.021,53.72,10,1.021,0,1
12.337,-0.2968,53.9,11,1.1566,0,1
11.071,-1.2665,58.87,12,1.2886,0,1
13.759,2.6884,55.65,13,1.4055,0,1
14.349,0.5893,58.17,14,1.5546,0,1
11.677,-2.6715,58.43,15,1.7108,0,0
13.994,2.3169,50.47,16,1.8349,0,0
12.649,-1.3447,55.57,17,1.9868,0,0
16.552,3.9023,55.63,18,2.1226,0,0
17.056,0.5046,56.83,19,2.3052,0,0
4.855,-12.2014,48.09,20,2.4939,0,0
4.522,-0.3331,52.43,20,2.4939,0,0
4.812,0.2906,50.06,20,2.4939,0,0
5.192,0.3801,52.23,20,2.4939,0,0
5.266,0.0739,49.51,20,2.4939,0,0
4.831,-0.4355,49.6,20,2.4939,0,0
4.325,-0.5056,42.76,20,2.4939,0,0
4.471,0.1459,45.01,20,2.4939,0,0
5.16,0.689,45.47,20,2.4939,0,0
4.849,-0.3112,56.5,20,2.4939,0,0
4.857,0.0088,53.69,20,2.4939,0,0
4.627,-0.2309,48.97,20,2.4939,0,0
4.62,-0.0066,48.3,20,2.4939,0,0
5.336,0.7161,41.36,20,2.4939,0,0
5.174,-0.1624,51.19,20,2.4939,0,0
4.762,-0.4114,42.77,20,2.4939,0,0
5.029,0.2665,47.35,20,2.4939,0,0
5.093,0.0642,50.11,20,2.4939,0,0
5.641,0.5476,48.8,20,2.4939,0,0
4.591,-1.0501,50.9,20,2.4939,0,0
5.088,0.4974,56.8,20,2.4939,0,0
5.334,0.246,51.78,20,2.4939,0,0
5.585,0.2513,44.06,20,2.4939,0,0
4.744,-0.8412,45.37,20,2.4939,0,1
4.844,0.1,43.12,20,2.4939,0,1
5.0,0.1559,73.88,20,2.4939,0,1
5.927,0.9267,89.48,20,2.4939,0,1
7.922,1.9956,59.21,20,2.4939,0,1
8.126,0.2033,69.51,20,2.4939,0,1
8.998,0.8728,78.4,21,2.5754,0,0
9.537,0.5384,65.79,22,2.6674,0,0
7.664,-1.8724,71.68,23,2.7658,0,0
9.376,1.712,77.9,23,2.7658,0,0
9.327,-0.0492,66.21,24,2.8623,0,0
7.332,-1.9947,67.07,25,2.9582,0,0
8.046,0.7134,77.59,25,2.9582,0,0
6.506,-1.5397,71.76,26,3.0388,0,0
6.63,0.1236,69.27,26,3.0388,0,0
6.605,-0.0244,73.04,26,3.0388,0,0
7.025,0.42,71.29,26,3.0388,0,0
6.171,-0.8545,73.32,26,3.0388,0,0
5.762,-0.4092,74.57,26,3.0388,0,0
5.809,0.0475,64.65,26,3.0388,0,0
4.985,-0.824,82.34,26,3.0388,0,0
4.847,-0.1384,57.31,26,3.0388,0,0
4.557,-0.2895,45.53,26,3.0388,0,0
5.257,0.7001,48.03,26,3.0388,0,0
4.998,-0.2594,49.18,26,3.0388,0,0
5.135,0.1371,57.04,26,3.0388,0,0
5.036,-0.0988,53.22,26,3.0388,0,0
4.18,-0.8563,49.76,26,3.0388,0,0
4.663,0.4828,43.91,26,3.0388,0,0
4.649,-0.014,48.33,26,3.0388,0,0
5.366,0.7176,43.37,26,3.0388,0,0
5.012,-0.3541,47.58,26,3.0388,0,0
4.869,-0.1433,55.01,26,3.0388,0,0
5.215,0.3463,56.69,26,3.0388,0,0
4.938,-0.277,46.52,26,3.0388,0,0
4.91,-0.0277,51.21,26,3.0388,0,0
5.071,0.1602,44.58,26,3.0388,0,0
5.036,-0.0344,51.14,26,3.0388,0,0
6.007,0.9708,59.38,26,3.0388,0,0
4.999,-1.0076,50.0,26,3.0388,1,0
-1.706,-6.7051,12.97,26,3.0388,1,0
26.188,27.8932,90.08,26,3.0388,1,0
4.999,-21.1881,48.0,27,3.3371,1,0
-3.481,-8.4802,13.67,27,3.3371,1,0
26.461,29.9418,84.5,27,3.3371,1,0
-2.54,-29.001,13.17,28,3.6386,1,0
4.499,7.0387,50.0,28,3.6386,1,0
-1.753,-6.2522,8.1,28,3.6386,1,0
4.501,6.2541,50.0,28,3.6386,1,1
24.765,20.2643,82.19,28,3.6386,1,1
-9.446,-34.2111,6.75,29,3.9198,1,1
22.961,32.4069,91.23,29,3.9198,1,1
5.0,-17.9609,72.0,30,4.1793,0,1
6.407,1.407,71.42,30,4.1793,0,1
7.749,1.342,74.32,30,4.1793,0,1
7.717,-0.0316,73.57,30,4.1793,0,1
8.754,1.0368,73.58,30,4.1793,0,0
10.812,2.0579,77.56,31,4.2684,0,0
8.656,-2.1561,69.17,32,4.3821,0,0
9.37,0.7144,70.25,33,4.47,0,0
7.48,-1.89,72.92,34,4.5664,0,0
8.345,0.8644,70.58,34,4.5664,0,0
6.97,-1.3743,69.77,35,4.6505,0,0
6.245,-0.7255,82.36,35,4.6505,0,0
6.587,0.3424,70.03,35,4.6505,0,0
5.95,-0.637,69.99,35,4.6505,0,0
7.091,1.1403,82.39,35,4.6505,0,0
6.021,-1.0701,82.46,35,4.6505,0,0
5.596,-0.4242,70.22,35,4.6505,0,0
5.423,-0.1736,77.94,35,4.6505,0,0
5.403,-0.0195,70.86,35,4.6505,0,0
5.865,0.4619,82.92,35,4.6505,0,0
5.181,-0.6838,71.6,35,4.6505,0,0
5.222,0.0405,81.07,35,4.6505,0,0
5.829,0.6073,65.92,35,4.6505,0,0
5.266,-0.5632,67.97,35,4.6505,0,1
4.862,-0.4036,78.93,35,4.6505,0,1
4.929,0.0667,73.83,35,4.6505,0,1
5.348,0.4193,81.7,35,4.6505,0,1
5.0,-0.3483,62.51,35,4.6505,0,1
5.93,0.9298,77.08,35,4.6505,0,1
8.624,2.6941,78.41,35,4.6505,0,1
8.448,-0.1763,73.62,36,4.738,0,0
9.41,0.9629,71.08,37,4.8234,0,0
8.163,-1.2479,65.65,38,4.9203,0,0
8.173,0.0106,67.54,39,5.0023,0,0
9.286,1.1127,77.07,40,5.0844,0,0
7.972,-1.3144,77.14,41,5.1798,0,0
7.513,-0.4588,85.97,41,5.1798,0,0
6.457,-1.0557,81.63,41,5.1798,0,0
6.5,0.0429,79.86,41,5.1798,0,0
6.731,0.2307,62.39,41,5.1798,0,0
5.963,-0.7678,75.15,41,5.1798,0,0
5.828,-0.1345,58.14,41,5.1798,0,0
6.276,0.4474,74.76,41,5.1798,0,0
5.98,-0.296,68.03,41,5.1798,0,0
5.3,-0.6794,73.38,41,5.1798,0,0
5.027,-0.2737,70.92,41,5.1798,0,0
5.381,0.354,69.64,41,5.1798,0,0
5.095,-0.2862,71.29,41,5.1798,0,0
5.244,0.1491,64.22,41,5.1798,0,0
5.274,0.0305,67.93,41,5.1798,0,0
5.726,0.452,73.19,41,5.1798,0,1
5.468,-0.2585,71.59,41,5.1798,0,1
5.006,-0.4618,80.12,41,5.1798,0,1
5.0,-0.0059,66.67,41,5.1798,0,1
5.835,0.8354,82.32,41,5.1798,0,1
7.012,1.1762,65.76,41,5.1798,0,1
8.606,1.5943,61.01,41,5.1798,0,0
8.146,-0.4596,68.8,42,5.2671,0,0
9.706,1.5597,74.57,43,5.3489,0,0
9.135,-0.5708,74.17,44,5.4494,0,0
9.115,-0.0197,63.14,45,5.543,0,0
7.577,-1.5379,78.69,46,5.6364,0,0
6.955,-0.6225,74.09,46,5.6364,0,0
6.788,-0.1669,72.42,46,5.6364,0,0
5.914,-0.8738,66.93,46,5.6364,0,0
6.457,0.5426,73.88,46,5.6364,0,0
6.66,0.2032,59.56,46,5.6364,0,0
6.316,-0.3442,70.24,46,5.6364,0,0
5.51,-0.8062,66.23,46,5.6364,0,0
4.837,-0.6723,48.58,46,5.6364,0,0
5.074,0.237,53.1,46,5.6364,0,0
4.864,-0.2098,55.32,46,5.6364,0,0
4.543,-0.3211,50.03,46,5.6364,0,0
6.039,1.4958,51.12,46,5.6364,0,0
5.573,-0.4658,50.46,46,5.6364,0,0
5.232,-0.341,49.72,46,5.6364,0,0
4.932,-0.3005,46.1,46,5.6364,0,0
5.172,0.2403,45.74,46,5.6364,0,0
5.266,0.0941,55.43,46,5.6364,0,0
5.147,-0.1196,48.57,46,5.6364,0,0
5.182,0.035,48.46,46,5.6364,0,0
5.374,0.1926,40.84,46,5.6364,0,0
4.866,-0.5085,40.05,46,5.6364,0,0
4.402,-0.4638,56.82,46,5.6364,0,0
5.358,0.9561,46.4,46,5.6364,0,0
4.399,-0.9591,35.18,46,5.6364,0,0
4.783,0.3836,62.1,46,5.6364,0,0
5.174,0.3914,47.2,46,5.6364,0,0
5.186,0.0121,42.2,46,5.6364,0,0
4.966,-0.2205,53.95,46,5.6364,0,0
5.138,0.1723,53.34,46,5.6364,0,0
4.725,-0.4132,54.49,46,5.6364,0,0
5.652,0.9269,45.15,46,5.6364,0,0
4.645,-1.0067,56.68,46,5.6364,0,0
4.923,0.2785,57.02,46,5.6364,0,0
4.823,-0.1005,57.28,46,5.6364,0,0
5.053,0.2296,51.29,46,5.6364,0,0
5.626,0.5733,48.19,46,5.6364,0,0
4.624,-1.0023,47.76,46,5.6364,0,0
5.181,0.5574,42.17,46,5.6364,0,0
5.255,0.0741,47.31,46,5.6364,0,0
5.459,0.2041,38.03,46,5.6364,0,0
4.685,-0.7738,41.57,46,5.6364,0,0
4.67,-0.0159,51.24,46,5.6364,0,0
4.928,0.2588,48.73,46,5.6364,0,0
4.936,0.008,51.02,46,5.6364,0,0
4.597,-0.3397,53.53,46,5.6364,0,0
5.265,0.6685,51.93,46,5.6364,0,0
5.223,-0.0425,51.48,46,5.6364,0,0
5.814,0.5914,49.56,46,5.6364,0,0
4.877,-0.9369,46.23,46,5.6364,0,0
4.587,-0.2901,43.78,46,5.6364,0,0
4.644,0.0574,49.65,46,5.6364,0,0
5.134,0.4892,50.26,46,5.6364,0,0
4.694,-0.4399,54.5,46,5.6364,0,0
5.296,0.602,49.2,46,5.6364,0,0
4.739,-0.5569,52.74,46,5.6364,0,0
5.075,0.3364,42.76,46,5.6364,0,0
4.973,-0.1024,51.31,46,5.6364,0,0
4.64,-0.3327,50.95,46,5.6364,0,0
4.418,-0.2221,56.68,46,5.6364,0,0
5.499,1.0811,48.74,46,5.6364,0,0
5.145,-0.3538,37.95,46,5.6364,0,0
4.537,-0.6079,48.53,46,5.6364,0,1
4.571,0.0337,53.57,46,5.6364,0,1
5.799,1.2278,44.12,46,5.6364,0,1
4.665,-1.1339,51.18,46,5.6364,0,1
27.188,22.5231,93.94,46,5.6364,1,0
5.5,-21.6885,52.0,47,5.9467,1,0
35.992,30.4926,89.3,47,5.9467,1,0
39.74,3.7475,88.83,48,6.3626,1,0
29.408,-10.3314,95.08,49,6.8235,1,0
4.999,-24.409,48.0,50,7.1604,1,0
36.806,31.8071,80.7,50,7.1604,1,0
4.501,-32.306,50.0,51,7.5861,1,0
5.499,0.998,50.0,51,7.5861,1,0
5.501,0.0021,52.0,51,7.5861,1,0
4.501,-0.9993,48.0,51,7.5861,1,0
5.499,0.9979,50.0,51,7.5861,1,0
5.0,-0.4998,50.0,51,7.5861,1,0
5.51,0.5103,53.38,51,7.5861,0,0
5.385,-0.1244,53.86,51,7.5861,0,0
5.821,0.4351,57.32,51,7.5861,0,0
5.858,0.037,57.8,51,7.5861,0,1
7.233,1.3756,53.65,51,7.5861,0,1
6.794,-0.4391,48.08,51,7.5861,0,1
7.31,0.5164,62.39,51,7.5861,0,1
7.669,0.3583,50.59,51,7.5861,0,1
7.868,0.1991,51.52,51,7.5861,0,1
9.37,1.5024,53.7,51,7.5861,0,1
10.395,1.0243,51.39,52,7.6825,0,1
9.066,-1.3283,48.18,53,7.7912,0,1
9.672,0.6063,52.91,54,7.884,0,1
11.47,1.7971,56.09,55,7.9841,0,1
9.984,-1.485,58.34,56,8.1057,0,1
10.559,0.575,56.68,57,8.2095,0,1
12.935,2.3751,58.27,58,8.3202,0,1
12.374,-0.5601,52.91,59,8.4594,0,1
13.966,1.5913,53.26,60,8.5919,0,1
11.738,-2.2279,60.99,61,8.7435,0,1
14.18,2.4419,56.26,62,8.8684,0,1
13.764,-0.4161,45.99,63,9.0226,0,1
12.01,-1.7535,45.72,64,9.1718,0,0
12.094,0.0837,54.2,65,9.2999,0,0
14.026,1.9326,50.88,66,9.429,0,0
15.113,1.0866,51.1,67,9.5813,0,0
14.257,-0.8556,54.11,68,9.7467,0,0
5.281,-8.9767,44.82,69,9.9018,0,0
4.995,-0.2855,48.95,69,9.9018,0,0
4.514,-0.4815,42.18,69,9.9018,0,0
5.274,0.7607,48.25,69,9.9018,0,0
4.591,-0.6832,49.52,69,9.9018,0,0
5.451,0.8601,38.6,69,9.9018,0,0
4.401,-1.0499,45.39,69,9.9018,0,0
5.584,1.1831,51.41,69,9.9018,0,0
5.307,-0.2775,44.3,69,9.9018,0,0
4.552,-0.7547,52.24,69,9.9018,0,0
5.023,0.4711,52.74,69,9.9018,0,0
4.925,-0.0984,51.39,69,9.9018,0,0
5.063,0.1383,53.89,69,9.9018,0,0
5.323,0.2596,41.9,69,9.9018,0,0
4.101,-1.2217,55.01,69,9.9018,0,0
5.475,1.374,44.9,69,9.9018,0,0
4.256,-1.219,50.5,69,9.9018,0,0
5.372,1.1163,58.99,69,9.9018,0,0
4.851,-0.521,45.53,69,9.9018,0,0
5.005,0.1533,48.5,69,9.9018,0,0
4.594,-0.4106,60.24,69,9.9018,0,0
5.714,1.1201,55.68,69,9.9018,0,0
4.632,-1.0824,54.28,69,9.9018,0,0
5.256,0.6242,52.21,69,9.9018,0,0
5.5,0.244,53.18,69,9.9018,0,0
5.296,-0.2039,53.18,69,9.9018,0,0
5.136,-0.1597,41.08,69,9.9018,0,0
5.033,-0.1029,47.22,69,9.9018,0,0
4.488,-0.5454,58.41,69,9.9018,0,0
5.692,1.2035,56.8,69,9.9018,0,0
5.102,-0.5895,56.75,69,9.9018,0,0
5.005,-0.0973,51.01,69,9.9018,0,0
4.563,-0.4422,51.98,69,9.9018,0,0
4.98,0.4169,49.6,69,9.9018,0,0
5.719,0.7395,54.47,69,9.9018,0,0
5.005,-0.7144,51.24,69,9.9018,0,0
5.018,0.0131,48.99,69,9.9018,0,0
4.567,-0.4507,49.24,69,9.9018,0,0
4.702,0.1345,43.75,69,9.9018,0,0
5.204,0.5029,51.96,69,9.9018,0,0
4.285,-0.9192,49.39,69,9.9018,0,0
5.398,1.113,55.3,69,9.9018,0,0
5.41,0.0121,50.19,69,9.9018,0,0
4.662,-0.7484,44.58,69,9.9018,0,0
5.138,0.4759,51.9,69,9.9018,0,0
5.515,0.3771,55.5,69,9.9018,0,0
4.947,-0.5678,43.78,69,9.9018,0,0
4.872,-0.0748,51.09,69,9.9018,0,0
4.919,0.0468,47.11,69,9.9018,0,0
5.101,0.182,47.48,69,9.9018,0,0
4.749,-0.3524,51.56,69,9.9018,0,0
5.098,0.3489,51.37,69,9.9018,0,0
4.544,-0.5534,47.59,69,9.9018,0,0
5.575,1.0309,44.19,69,9.9018,0,0
4.153,-1.4218,40.69,69,9.9018,0,0
5.012,0.8583,50.15,69,9.9018,0,0
4.953,-0.0587,56.07,69,9.9018,0,0
3.931,-1.0221,51.98,69,9.9018,0,0
5.625,1.6937,44.36,69,9.9018,0,0
4.848,-0.7765,46.24,69,9.9018,0,0
4.642,-0.2058,48.37,69,9.9018,0,0
5.571,0.9287,59.19,69,9.9018,0,0
4.866,-0.7054,59.53,69,9.9018,0,0
5.014,0.1486,58.77,69,9.9018,0,0
4.963,-0.0516,50.66,69,9.9018,0,0
5.146,0.1835,65.89,69,9.9018,0,0
5.341,0.1943,46.46,69,9.9018,0,0
5.388,0.0471,48.19,69,9.9018,0,0
4.804,-0.5835,54.54,69,9.9018,0,0
5.012,0.2083,51.39,69,9.9018,0,0
5.006,-0.0068,51.68,69,9.9018,0,0
5.17,0.1644,40.32,69,9.9018,0,0
5.267,0.0966,45.09,69,9.9018,0,0
4.423,-0.8435,49.71,69,9.9018,0,0
5.034,0.6105,46.53,69,9.9018,0,0
5.332,0.2988,43.29,69,9.9018,0,0
4.837,-0.4952,47.08,69,9.9018,0,0
4.981,0.1441,51.39,69,9.9018,0,0
4.597,-0.3845,53.62,69,9.9018,0,0
5.025,0.4284,40.54,69,9.9018,0,0
4.217,-0.8086,49.94,69,9.9018,0,0
4.912,0.695,49.48,69,9.9018,0,0
4.989,0.0772,51.13,69,9.9018,0,0
5.379,0.3903,44.44,69,9.9018,0,0
4.531,-0.8478,44.53,69,9.9018,0,0
5.116,0.5844,56.22,69,9.9018,0,0
4.827,-0.2881,37.49,69,9.9018,0,0
4.318,-0.5091,45.83,69,9.9018,0,0
4.777,0.4585,47.96,69,9.9018,0,0
5.015,0.2385,48.44,69,9.9018,0,0
5.096,0.0803,48.86,69,9.9018,0,0
5.422,0.3259,54.41,69,9.9018,0,1
5.579,0.1572,63.24,69,9.9018,0,1
6.317,0.7377,55.28,69,9.9018,0,1
6.896,0.5794,56.59,69,9.9018,0,1
6.938,0.0418,58.95,69,9.9018,0,1
8.364,1.4264,57.12,69,9.9018,0,1
7.159,-1.2057,53.73,70,9.9862,0,1
9.304,2.1453,52.71,70,9.9862,0,1
9.241,-0.0627,54.32,71,10.0,0,1
9.295,0.0538,55.3,72,10.0,0,1
8.735,-0.5597,59.66,73,10.0,0,1
11.522,2.7863,57.36,74,10.0,0,1
9.558,-1.964,58.76,75,10.0,0,1
9.659,0.1012,58.55,76,10.0,0,1
12.021,2.3619,56.16,77,10.0,0,1
11.995,-0.0258,43.28,78,10.0,0,1
12.848,0.8534,48.11,79,10.0,0,1
11.183,-1.6647,50.35,80,10.0,0,0
11.212,0.0287,53.06,81,10.0,0,0
14.113,2.901,56.63,82,10.0,0,0
12.439,-1.6742,50.99,83,10.0,0,0
15.107,2.6685,49.54,84,10.0,0,0
4.703,-10.4043,54.62,85,10.0,0,0
5.014,0.3107,48.59,85,10.0,0,0
4.958,-0.0563,51.12,85,10.0,0,0
5.247,0.2892,45.0,85,10.0,0,0
4.583,-0.6634,55.52,85,10.0,0,0
4.835,0.2517,42.92,85,10.0,0,0
5.178,0.3425,52.32,85,10.0,0,0
4.388,-0.7898,51.15,85,10.0,0,0
5.294,0.9065,51.87,85,10.0,0,0
5.253,-0.0414,42.98,85,10.0,0,0
5.132,-0.1204,48.49,85,10.0,0,0
4.807,-0.3255,54.35,85,10.0,0,0
5.592,0.7848,58.97,85,10.0,0,0
5.526,-0.0658,49.45,85,10.0,0,0
5.141,-0.3848,53.83,85,10.0,0,0
5.048,-0.0926,50.65,85,10.0,0,0
5.33,0.281,49.7,85,10.0,0,0
4.708,-0.6212,47.93,85,10.0,0,0
5.136,0.1361,53.35,0,0.0,0,0
4.85,-0.286,53.78,0,0.0,0,0
5.152,0.3015,43.83,0,0.0,0,0
5.577,0.4254,47.5,0,0.0,0,0
4.338,-1.239,44.77,0,0.0,0,0
4.592,0.2536,50.26,0,0.0,0,0
4.89,0.2989,48.32,0,0.0,0,0
5.248,0.3574,51.7,0,0.0,0,0
5.126,-0.1215,52.05,0,0.0,0,0
5.246,0.12,39.46,0,0.0,0,0
4.854,-0.3922,39.1,0,0.0,0,0
5.014,0.1602,49.98,0,0.0,0,0
5.418,0.4038,55.94,0,0.0,0,0
5.081,-0.3371,47.5,0,0.0,0,0
5.194,0.113,47.36,0,0.0,0,0
4.999,-0.1946,54.93,0,0.0,0,0
4.777,-0.2226,54.03,0,0.0,0,0
5.271,0.4941,45.23,0,0.0,0,0
5.39,0.1186,53.49,0,0.0,0,0
5.041,-0.3488,46.19,0,0.0,0,0
4.656,-0.3845,47.31,0,0.0,0,0
39.608,34.9514,94.15,0,0.0,1,0
5.5,-34.1076,52.0,1,0.4593,1,0
-7.598,-13.0978,11.45,1,0.4593,1,0
-7.107,0.4909,7.58,1,0.4593,1,0
-5.9,1.2066,7.19,1,0.4593,1,0
-1.839,4.0607,13.61,1,0.4593,1,0
-9.925,-8.0855,8.36,1,0.4593,1,0
36.355,46.2801,95.94,1,0.4593,1,0
35.938,-0.4171,82.2,2,0.8796,1,0
4.363,-31.5752,45.44,3,1.2949,0,0
5.091,0.7278,56.6,3,1.2949,0,0
6.124,1.033,47.07,3,1.2949,0,0
5.574,-0.5496,51.22,3,1.2949,0,0
4.94,-0.6346,52.16,3,1.2949,0,0
5.025,0.0853,50.55,3,1.2949,0,0
4.837,-0.1881,43.01,3,1.2949,0,0
4.383,-0.4541,53.27,3,1.2949,0,0
4.889,0.5068,47.02,3,1.2949,0,0
5.003,0.1141,53.97,3,1.2949,0,0
5.072,0.0687,46.72,3,1.2949,0,0
5.491,0.4184,57.9,3,1.2949,0,0
5.198,-0.2927,54.87,3,1.2949,0,0
5.497,0.299,55.65,3,1.2949,0,0
5.246,-0.2511,52.99,3,1.2949,0,0
5.208,-0.0378,44.51,3,1.2949,0,0
5.28,0.0724,43.22,3,1.2949,0,0
4.682,-0.5981,56.52,3,1.2949,0,0
4.891,0.2092,44.24,3,1.2949,0,0
4.904,0.0125,50.51,3,1.2949,0,0
5.032,0.1278,55.67,3,1.2949,0,0
4.855,-0.1761,51.76,3,1.2949,0,0
4.605,-0.2509,52.25,3,1.2949,0,0
5.001,0.3967,46.25,3,1.2949,0,0
4.906,-0.0956,49.08,3,1.2949,0,0
4.892,-0.0137,58.86,3,1.2949,0,0
4.961,0.0687,48.78,3,1.2949,0,0
4.161,-0.7996,45.53,3,1.2949,0,0
4.895,0.7338,46.57,3,1.2949,0,0
5.553,0.6579,49.18,3,1.2949,0,0
5.515,-0.0373,50.31,3,1.2949,0,0
5.015,-0.5005,49.56,3,1.2949,0,0
5.002,-0.0134,58.59,3,1.2949,0,0
4.072,-0.9294,39.99,3,1.2949,0,0
4.783,0.7106,50.07,3,1.2949,0,0
5.276,0.4933,52.37,3,1.2949,0,0
4.846,-0.4297,55.1,3,1.2949,0,0
5.412,0.5658,50.92,3,1.2949,0,0
4.499,-0.9126,48.0,3,1.2949,1,1
-1.249,-5.7486,14.76,3,1.2949,1,1
5.499,6.7477,50.0,3,1.2949,1,1
27.204,21.7049,93.96,3,1.2949,1,1
31.916,4.7129,95.74,4,1.6053,1,1
-2.895,-34.811,5.27,5,1.9723,1,1
-3.984,-1.0897,9.86,5,1.9723,1,1
26.683,30.6677,87.95,5,1.9723,1,0
36.879,10.1957,90.66,6,2.2765,1,0
4.5,-32.3786,50.0,7,2.703,1,0
32.154,27.6533,92.86,7,2.703,1,0
23.189,-8.9643,80.02,8,3.0728,1,0
38.101,14.9118,92.28,9,3.3351,1,0
4.944,-33.1576,57.66,10,3.7763,0,0
5.403,0.4594,48.72,10,3.7763,0,0
5.3,-0.103,59.67,10,3.7763,0,0
5.784,0.4841,43.86,10,3.7763,0,0
4.629,-1.1548,57.42,10,3.7763,0,0
4.577,-0.0527,43.39,10,3.7763,0,0
4.806,0.2288,52.1,10,3.7763,0,0
4.959,0.1535,46.75,10,3.7763,0,0
4.73,-0.2287,46.44,10,3.7763,0,0
4.648,-0.0821,61.41,10,3.7763,0,0
5.119,0.4708,54.43,10,3.7763,0,0
4.804,-0.3146,49.07,10,3.7763,0,0
4.715,-0.0898,36.74,10,3.7763,0,0
4.449,-0.2658,40.95,10,3.7763,0,0
4.1,-0.3487,44.02,10,3.7763,0,0
5.53,1.4299,49.78,10,3.7763,0,0
5.516,-0.0138,52.05,10,3.7763,0,0
5.313,-0.2032,45.5,10,3.7763,0,0
5.21,-0.1034,53.64,10,3.7763,0,0
4.769,-0.4402,52.8,10,3.7763,0,0
4.763,-0.0062,55.35,10,3.7763,0,0
5.241,0.4777,55.11,10,3.7763,0,0
5.884,0.6433,61.21,10,3.7763,0,0
6.349,0.4652,61.73,10,3.7763,0,1
6.818,0.4683,55.27,10,3.7763,0,1
7.297,0.4793,54.31,10,3.7763,0,1
7.487,0.1904,61.07,10,3.7763,0,1
7.969,0.4812,52.1,10,3.7763,0,1
8.196,0.2278,54.85,10,3.7763,0,1
7.816,-0.3798,59.0,11,3.8587,0,1
9.132,1.3154,53.21,11,3.8587,0,1
10.355,1.2227,51.66,12,3.9523,0,1
11.513,1.1579,57.37,13,4.0606,0,1
9.361,-2.1518,53.5,14,4.1828,0,1
12.309,2.9482,55.09,15,4.2791,0,1
9.969,-2.3404,56.45,16,4.4108,0,1
10.145,0.1763,46.32,17,4.5144,0,1
12.369,2.2241,55.24,18,4.6201,0,1
13.675,1.3057,54.91,19,4.7525,0,1
12.637,-1.0378,55.68,20,4.9006,0,1
11.724,-0.9129,46.48,21,5.0362,0,1
14.286,2.5616,48.7,22,5.1609,0,1
16.075,1.7889,51.14,23,5.3163,0,1
16.532,0.4579,57.46,24,5.4932,0,1
15.04,-1.4921,45.08,25,5.6756,0,1
16.542,1.5013,43.89,26,5.8401,0,1
15.279,-1.2631,58.22,27,6.0226,0,1
18.835,3.5569,57.26,28,6.1899,0,1
19.48,0.6444,56.5,29,6.3999,0,1
17.3,-2.18,51.96,30,6.6177,0,0
5.0,-12.2997,73.37,31,6.8093,0,0
5.931,0.9309,62.47,31,6.8093,0,0
6.925,0.9937,60.73,31,6.8093,0,0
7.807,0.882,73.62,31,6.8093,0,0
10.522,2.7159,74.81,31,6.8093,0,0
10.129,-0.3933,70.72,32,6.9196,0,0
8.088,-2.0408,74.63,33,7.0252,0,0
8.595,0.507,85.86,34,7.1063,0,0
6.987,-1.608,77.5,35,7.1934,0,0
7.456,0.4684,75.37,35,7.1934,0,0
7.378,-0.0774,76.33,35,7.1934,0,0
7.186,-0.1928,69.74,35,7.1934,0,0
7.471,0.2852,70.48,35,7.1934,0,0
6.04,-1.431,61.6,35,7.1934,0,0
5.9,-0.1399,74.26,35,7.1934,0,0
5.56,-0.3403,79.47,35,7.1934,0,0
6.373,0.8134,76.97,35,7.1934,0,0
5.073,-1.3002,57.22,35,7.1934,0,0
5.494,0.4212,60.89,35,7.1934,0,0
5.379,-0.1151,53.73,35,7.1934,0,1
5.839,0.4603,55.38,35,7.1934,0,1
6.072,0.2331,56.35,35,7.1934,0,1
6.923,0.8508,60.91,35,7.1934,0,1
6.945,0.022,47.52,35,7.1934,0,1
8.928,1.9829,54.27,35,7.1934,0,1
8.99,0.0623,59.73,36,7.2845,0,1
7.77,-1.2207,53.03,37,7.3764,0,1
8.627,0.857,56.02,37,7.3764,0,1
9.776,1.1488,57.05,38,7.4639,0,1
11.448,1.6721,48.73,39,7.5652,0,1
12.257,0.8096,51.59,40,7.6866,0,1
10.19,-2.0675,58.88,41,7.8177,0,1
10.875,0.6854,54.16,42,7.924,0,1
10.811,-0.0637,55.73,43,8.0385,0,1
13.125,2.313,58.68,44,8.1522,0,1
13.798,0.6732,53.92,45,8.2937,0,0
11.419,-2.3788,48.46,46,8.4433,0,0
13.581,2.1622,53.24,47,8.5643,0,0
16.273,2.6923,59.48,48,8.7113,0,0
13.992,-2.2815,49.44,49,8.8906,0,0
4.942,-9.0494,51.45,50,9.0425,0,0
5.93,0.9879,57.58,50,9.0425,0,0
4.877,-1.0529,47.03,50,9.0425,0,0
4.87,-0.0076,52.55,50,9.0425,0,0
4.958,0.0881,48.02,50,9.0425,0,0
5.587,0.629,49.43,50,9.0425,0,0
5.92,0.333,50.45,50,9.0425,0,0
5.714,-0.2057,51.79,50,9.0425,0,0
5.385,-0.3289,46.38,50,9.0425,0,0
4.658,-0.7267,52.3,50,9.0425,0,0
5.395,0.7369,50.2,50,9.0425,0,0
4.485,-0.91,43.2,50,9.0425,0,0
4.429,-0.0563,41.16,50,9.0425,0,0
5.044,0.6146,55.63,50,9.0425,0,0
4.995,-0.0492,38.7,50,9.0425,0,0
4.924,-0.0709,49.19,50,9.0425,0,0
5.838,0.9147,42.71,50,9.0425,0,0
4.844,-0.9947,58.53,50,9.0425,0,0
5.18,0.3363,52.82,50,9.0425,0,0
5.046,-0.1342,51.65,50,9.0425,0,0
5.311,0.2652,45.95,50,9.0425,0,0
5.351,0.0402,43.13,50,9.0425,0,0
5.131,-0.2199,50.89,50,9.0425,0,0
4.753,-0.3779,49.89,50,9.0425,0,0
4.751,-0.0025,44.64,50,9.0425,0,0
4.859,0.1076,44.48,50,9.0425,0,0
5.129,0.2706,44.25,50,9.0425,0,0
5.285,0.1557,44.09,50,9.0425,0,0
4.773,-0.5113,46.88,50,9.0425,0,0
5.53,0.7566,51.65,50,9.0425,0,0
4.915,-0.6148,52.49,50,9.0425,0,0
4.157,-0.7582,49.78,50,9.0425,0,0
5.799,1.6419,50.66,50,9.0425,0,0
5.027,-0.7718,52.74,50,9.0425,0,0
5.358,0.3311,40.01,50,9.0425,0,0
4.327,-1.0312,51.05,50,9.0425,0,0
4.714,0.387,56.56,50,9.0425,0,0
4.874,0.1599,40.33,50,9.0425,0,0
-1.102,-5.9761,14.09,50,9.0425,1,0
-5.391,-4.2885,5.81,50,9.0425,1,0
5.498,10.8886,48.0,50,9.0425,1,0
-4.318,-9.8162,10.52,50,9.0425,1,0
-1.634,2.6845,6.09,50,9.0425,1,0
4.501,6.1346,48.0,50,9.0425,1,0
5.5,0.999,52.0,50,9.0425,1,0
26.826,21.3258,91.52,50,9.0425,1,0
-0.612,-27.4375,8.45,51,9.3484,1,0
5.001,5.6125,48.0,51,9.3484,1,0
23.043,18.0425,98.04,51,9.3484,1,0
4.749,-18.2944,46.36,52,9.6089,0,0
5.309,0.56,54.05,52,9.6089,0,0
4.942,-0.3669,48.04,52,9.6089,0,0
5.056,0.1143,45.92,52,9.6089,0,0
4.541,-0.5147,45.3,52,9.6089,0,0
4.746,0.2048,44.18,52,9.6089,0,0
5.065,0.3187,53.65,52,9.6089,0,0
4.365,-0.6997,50.13,52,9.6089,0,0
4.912,0.5469,51.71,52,9.6089,0,0
4.995,0.0828,42.73,52,9.6089,0,0
4.495,-0.4998,50.15,52,9.6089,0,0
5.412,0.9165,38.93,52,9.6089,0,0
5.138,-0.2732,55.95,52,9.6089,0,0
4.939,-0.1995,52.75,52,9.6089,0,0
4.719,-0.22,49.4,52,9.6089,0,0
4.352,-0.3671,38.28,52,9.6089,0,0
4.606,0.2544,47.72,52,9.6089,0,0
4.445,-0.1606,42.95,52,9.6089,0,0
4.93,0.485,46.35,52,9.6089,0,0
5.151,0.2207,52.26,52,9.6089,0,0
5.128,-0.0228,51.19,52,9.6089,0,0
5.631,0.5028,44.66,52,9.6089,0,0
4.978,-0.6531,55.66,52,9.6089,0,0
5.506,0.5278,42.89,52,9.6089,0,0
4.875,-0.6308,56.79,52,9.6089,0,0
5.203,0.3282,50.98,52,9.6089,0,0
4.913,-0.2903,48.08,52,9.6089,0,0
5.115,0.2024,48.74,52,9.6089,0,0
4.983,-0.1323,50.39,52,9.6089,0,0
4.729,-0.2542,52.66,52,9.6089,0,0
6.166,1.4369,41.12,52,9.6089,0,0
5.13,-1.0361,46.2,52,9.6089,0,0
5.231,0.1014,50.23,52,9.6089,0,0
5.305,0.0738,55.88,52,9.6089,0,0
5.077,-0.2278,55.66,52,9.6089,0,0
4.062,-1.0147,57.95,52,9.6089,0,0
5.15,1.0877,55.39,52,9.6089,0,0
4.512,-0.638,45.85,52,9.6089,0,0
5.058,0.5463,49.91,52,9.6089,0,0
5.113,0.0549,55.42,52,9.6089,0,0
4.294,-0.8193,54.87,52,9.6089,0,0
5.003,0.7094,48.98,52,9.6089,0,0
4.412,-0.5918,52.52,52,9.6089,0,0
4.034,-0.3772,53.24,52,9.6089,0,0
4.403,0.3688,50.27,52,9.6089,0,0
4.952,0.5492,55.85,52,9.6089,0,0
4.929,-0.0238,46.53,52,9.6089,0,0
4.797,-0.1312,56.36,52,9.6089,0,0
5.215,0.4172,48.07,52,9.6089,0,1
4.905,-0.3091,42.16,52,9.6089,0,1
5.155,0.25,41.2,52,9.6089,0,1
5.0,-0.1554,71.38,52,9.6089,0,1
6.171,1.1712,67.82,52,9.6089,0,1
6.812,0.6412,73.69,52,9.6089,0,1
8.282,1.4693,62.41,52,9.6089,0,0
10.709,2.4271,70.64,53,9.6923,0,0
8.186,-2.5225,74.19,54,9.8048,0,0
9.591,1.405,63.0,55,9.887,0,0
8.006,-1.5857,79.37,56,9.9861,0,0
7.108,-0.8974,68.77,57,10.0,0,0
7.051,-0.0568,77.24,57,10.0,0,0
6.45,-0.6019,71.07,57,10.0,0,0
7.221,0.7713,73.07,57,10.0,0,0
6.644,-0.5764,69.21,57,10.0,0,0
6.485,-0.1599,73.22,57,10.0,0,0
6.298,-0.1869,72.85,57,10.0,0,0
6.925,0.6272,83.42,57,10.0,0,0
5.347,-1.5779,78.15,57,10.0,0,0
6.339,0.9917,58.35,57,10.0,0,0
5.425,-0.9135,65.92,57,10.0,0,0
5.763,0.3381,68.83,57,10.0,0,0
5.178,-0.585,78.28,57,10.0,0,0
5.039,-0.1394,83.54,57,10.0,0,0
4.742,-0.2968,66.36,57,10.0,0,0
4.771,0.0293,72.23,57,10.0,0,0
5.077,0.3058,70.71,57,10.0,0,0
5.013,-0.0646,77.49,57,10.0,0,0
4.691,-0.3219,67.08,57,10.0,0,0
4.845,0.1539,57.39,57,10.0,0,0
5.203,0.3581,43.44,57,10.0,0,0
5.268,0.0659,46.13,57,10.0,0,0
4.769,-0.4993,51.57,57,10.0,0,0
4.803,0.0341,54.46,57,10.0,0,0
4.69,-0.1131,46.91,57,10.0,0,0
4.737,0.0473,47.17,57,10.0,0,0
5.44,0.7022,53.14,57,10.0,0,0
5.684,0.2443,61.34,57,10.0,0,0
4.588,-1.0963,50.35,57,10.0,0,0
4.53,-0.0582,46.11,57,10.0,0,0
4.748,0.2184,44.71,57,10.0,0,0
4.579,-0.1687,49.28,57,10.0,0,0
4.513,-0.0659,54.21,57,10.0,0,0
4.633,0.1196,64.05,57,10.0,0,0
4.819,0.1865,50.36,57,10.0,0,0
4.482,-0.3376,58.53,57,10.0,0,0
5.448,0.9659,51.48,57,10.0,0,0
4.461,-0.9865,51.05,57,10.0,0,0
5.0,0.5387,57.38,57,10.0,0,1
6.451,1.4511,79.28,57,10.0,0,1
7.953,1.5017,73.81,57,10.0,0,1
8.032,0.079,71.95,57,10.0,0,0
8.983,0.9512,60.89,58,10.0,0,0
8.58,-0.4026,71.11,59,10.0,0,0
9.825,1.2446,71.76,60,10.0,0,0
7.535,-2.2896,69.54,61,10.0,0,0
7.919,0.3837,74.86,61,10.0,0,0
6.817,-1.1023,77.76,61,10.0,0,0
8.566,1.7491,73.64,61,10.0,0,0
6.579,-1.9871,69.23,62,10.0,0,0
6.181,-0.3978,74.9,62,10.0,0,0
7.015,0.8343,76.62,62,10.0,0,0
6.096,-0.9187,66.72,62,10.0,0,0
6.303,0.2062,81.35,62,10.0,0,0
6.742,0.439,76.48,62,10.0,0,0
5.272,-1.4692,74.49,62,10.0,0,0
5.199,-0.0738,73.32,62,10.0,0,0
5.62,0.4217,66.6,62,10.0,0,0
5.468,-0.1527,77.27,62,10.0,0,0
5.752,0.284,59.77,62,10.0,0,0
5.705,-0.0466,69.69,62,10.0,0,0
4.777,-0.9278,73.39,62,10.0,0,0
5.074,0.2969,74.85,62,10.0,0,0
5.193,0.1194,78.26,62,10.0,0,0
4.873,-0.3201,75.93,62,10.0,0,0
4.859,-0.0139,78.14,62,10.0,0,0
4.706,-0.1533,70.75,62,10.0,0,0
-8.5,-13.2057,7.03,62,10.0,1,0
-3.4,5.0995,12.25,62,10.0,1,1
39.157,42.5568,89.39,62,10.0,1,1
-6.997,-46.154,9.77,63,10.0,1,1
4.998,11.9957,52.0,63,10.0,1,1
34.805,29.807,80.35,63,10.0,1,1
33.592,-1.2132,91.6,64,10.0,1,1
-2.234,-35.8257,13.11,65,10.0,1,1
5.0,7.2335,59.06,65,10.0,0,1
5.902,0.9016,62.69,65,10.0,0,1
8.023,2.1216,65.55,65,10.0,0,1
10.814,2.791,75.62,66,10.0,0,0
8.069,-2.7448,65.03,67,10.0,0,0
8.53,0.4607,69.18,68,10.0,0,0
9.966,1.436,75.06,69,10.0,0,0
7.608,-2.3581,79.14,70,10.0,0,0
8.417,0.8088,78.15,70,10.0,0,0
7.159,-1.2578,65.44,71,10.0,0,0
7.445,0.2864,78.77,71,10.0,0,0
7.273,-0.1721,68.5,71,10.0,0,0
6.012,-1.2612,76.39,71,10.0,0,0
6.349,0.3374,66.82,71,10.0,0,0
5.802,-0.5474,81.63,71,10.0,0,0
4.535,-1.2668,46.61,71,10.0,0,0
4.679,0.1441,43.63,71,10.0,0,0
5.038,0.3586,43.86,71,10.0,0,0
4.128,-0.9101,48.1,71,10.0,0,0
4.279,0.151,46.24,71,10.0,0,0
4.636,0.3575,45.64,71,10.0,0,0
5.8,1.164,50.28,71,10.0,0,0
5.098,-0.7022,41.12,71,10.0,0,0
4.738,-0.3597,51.08,71,10.0,0,0
4.59,-0.1482,54.54,71,10.0,0,0
4.519,-0.0713,48.57,71,10.0,0,0
4.766,0.2467,50.82,71,10.0,0,0
4.744,-0.0218,48.65,71,10.0,0,0
4.906,0.1617,46.33,71,10.0,0,0
5.194,0.2885,51.19,71,10.0,0,0
4.965,-0.2295,47.85,71,10.0,0,0
5.319,0.3541,48.82,71,10.0,0,0
4.877,-0.4413,50.52,71,10.0,0,0
5.679,0.8013,43.3,71,10.0,0,0
5.308,-0.3707,40.53,71,10.0,0,0
5.195,-0.1125,50.85,71,10.0,0,0
4.776,-0.4196,50.16,71,10.0,0,0
4.899,0.1234,46.07,71,10.0,0,0
4.884,-0.0151,50.99,71,10.0,0,0
4.693,-0.1909,45.97,71,10.0,0,0
4.456,-0.2372,51.95,71,10.0,0,0
5.218,0.7622,51.16,71,10.0,0,0
5.386,0.1679,50.44,71,10.0,0,0
5.157,-0.2293,51.52,71,10.0,0,0
4.963,-0.1934,47.35,71,10.0,0,0
5.886,0.9223,47.74,71,10.0,0,0
5.174,0.1736,51.26,0,0.0,0,0
4.438,-0.7355,55.61,0,0.0,0,0
4.962,0.5242,44.45,0,0.0,0,0
5.476,0.5132,53.13,0,0.0,0,0
4.494,-0.9813,58.89,0,0.0,0,0
5.264,0.7693,49.95,0,0.0,0,0
5.636,0.3726,50.8,0,0.0,0,0
4.989,-0.6473,46.7,0,0.0,0,0
5.233,0.244,52.38,0,0.0,0,0
5.006,-0.2269,46.05,0,0.0,0,0
5.052,0.0461,49.65,0,0.0,0,0
4.467,-0.5854,42.64,0,0.0,0,0
5.226,0.7595,36.99,0,0.0,0,0
5.082,-0.1439,47.61,0,0.0,0,0
5.523,0.4411,47.53,0,0.0,0,0
5.264,-0.2595,48.02,0,0.0,0,0
5.045,-0.2183,53.68,0,0.0,0,0
4.815,-0.2305,54.98,0,0.0,0,0
4.603,-0.2125,51.47,0,0.0,0,0
5.369,0.7665,53.3,0,0.0,0,0
5.767,0.3975,46.18,0,0.0,0,0
5.264,-0.5024,52.49,0,0.0,0,0
5.041,-0.2233,44.39,0,0.0,0,0
5.307,0.2658,43.88,0,0.0,0,0
5.464,0.1568,64.29,0,0.0,0,0
5.147,-0.317,52.92,0,0.0,0,0
4.803,-0.3437,40.95,0,0.0,0,0
4.759,-0.0439,44.54,0,0.0,0,0
4.421,-0.3377,58.61,0,0.0,0,0
5.109,0.6879,51.9,0,0.0,0,0
4.876,-0.2328,49.14,0,0.0,0,0
5.386,0.5094,49.84,0,0.0,0,0
5.212,-0.1735,49.02,0,0.0,0,0
4.863,-0.3491,42.97,0,0.0,0,0
4.209,-0.6542,48.69,0,0.0,0,0
5.023,0.8137,43.57,0,0.0,0,0
4.986,-0.0364,50.27,0,0.0,0,0
4.138,-0.8486,45.42,0,0.0,0,0
5.155,1.0172,44.23,0,0.0,0,0
5.063,-0.0914,55.11,0,0.0,0,0
5.311,0.2474,49.52,0,0.0,0,0
4.813,-0.498,46.85,0,0.0,0,0
5.187,0.3743,50.98,0,0.0,0,0
5.252,0.0646,50.66,0,0.0,0,0
5.328,0.0757,50.47,0,0.0,0,0
5.314,-0.0136,54.35,0,0.0,0,0
4.678,-0.6357,40.96,0,0.0,0,0
5.617,0.9392,51.28,0,0.0,0,0
4.314,-1.3032,46.43,0,0.0,0,0
5.309,0.9945,48.6,0,0.0,0,0
4.795,-0.5136,57.0,0,0.0,0,0
4.581,-0.2141,46.01,0,0.0,0,0
5.085,0.5035,51.95,0,0.0,0,0
5.199,0.114,54.56,0,0.0,0,0
5.079,-0.1191,52.45,0,0.0,0,0
4.896,-0.1831,50.31,0,0.0,0,0
5.043,0.1467,51.08,0,0.0,0,0
5.309,0.266,52.78,0,0.0,0,0
5.018,-0.2913,45.95,0,0.0,0,0
5.027,0.0094,49.86,0,0.0,0,0
5.077,0.0502,61.03,0,0.0,0,0
4.79,-0.2868,52.11,0,0.0,0,0
5.427,0.6369,50.49,0,0.0,0,0
5.935,0.5078,48.11,0,0.0,0,0
5.13,-0.8055,46.01,0,0.0,0,0
4.859,-0.2702,51.24,0,0.0,0,0
5.339,0.4791,51.6,0,0.0,0,0
5.504,0.1651,49.53,0,0.0,0,0
4.867,-0.6365,63.52,0,0.0,0,0
5.158,0.2906,46.4,0,0.0,0,0
4.722,-0.4354,45.29,0,0.0,0,0
5.375,0.6523,48.18,0,0.0,0,0
5.051,-0.3237,49.68,0,0.0,0,0
5.293,0.2417,45.77,0,0.0,0,0
4.5,-0.7923,48.0,0,0.0,1,0
-5.573,-10.0738,6.56,0,0.0,1,0
5.501,11.0747,48.0,0,0.0,1,0
5.501,-0.0001,52.0,0,0.0,1,0
39.055,33.5536,85.98,0,0.0,1,0
30.144,-8.9108,87.91,1,0.4527,1,0
-8.1,-38.2437,13.98,2,0.7984,1,1
4.5,12.6,50.0,2,0.7984,1,1
33.767,29.2667,86.44,2,0.7984,1,1
-9.06,-42.8269,14.5,3,1.1876,1,1
5.0,14.0598,69.19,3,1.1876,0,1
5.884,0.8842,76.36,3,1.1876,0,1
6.826,0.9416,72.22,3,1.1876,0,1
9.465,2.639,70.92,3,1.1876,0,1
9.461,-0.0041,67.12,4,1.2852,0,0
9.835,0.3741,72.54,5,1.3827,0,0
8.697,-1.1378,70.23,6,1.4847,0,0
9.702,1.0048,75.67,7,1.5731,0,0
8.258,-1.4438,77.88,8,1.6735,0,0
6.592,-1.6658,66.8,9,1.7566,0,0
7.201,0.609,71.41,9,1.7566,0,0
7.81,0.6085,72.56,9,1.7566,0,0
7.113,-0.6969,67.24,9,1.7566,0,0
5.877,-1.2354,72.91,9,1.7566,0,0
6.119,0.2417,73.66,9,1.7566,0,0
5.483,-0.6358,64.28,9,1.7566,0,0
5.478,-0.0049,65.74,9,1.7566,0,0
6.519,1.041,66.58,9,1.7566,0,0
5.759,-0.7601,67.16,9,1.7566,0,0
5.248,-0.5114,74.95,9,1.7566,0,0
5.249,0.0009,67.53,9,1.7566,0,0
5.31,0.0613,65.78,9,1.7566,0,0
5.158,-0.1522,57.71,9,1.7566,0,0
4.918,-0.24,73.99,9,1.7566,0,0
5.22,0.3025,38.11,9,1.7566,0,0
4.686,-0.5343,50.69,9,1.7566,0,0
4.922,0.2359,52.39,9,1.7566,0,0
5.316,0.3937,53.04,9,1.7566,0,0
4.914,-0.4015,40.77,9,1.7566,0,0
4.818,-0.0965,52.08,9,1.7566,0,0
4.564,-0.254,53.16,9,1.7566,0,0
5.363,0.7995,50.63,9,1.7566,0,0
3.774,-1.5889,43.61,9,1.7566,0,0
5.754,1.98,47.27,9,1.7566,0,0
4.206,-1.5481,56.18,9,1.7566,0,0
5.005,0.799,55.52,9,1.7566,0,0
5.111,0.1054,52.29,9,1.7566,0,0
5.145,0.0344,53.49,9,1.7566,0,0
5.911,0.7658,54.86,9,1.7566,0,0
4.368,-1.5431,52.23,9,1.7566,0,0
5.457,1.0887,56.01,9,1.7566,0,0
4.829,-0.6272,55.82,9,1.7566,0,0
5.371,0.5417,62.86,9,1.7566,0,0
4.7,-0.6711,47.46,9,1.7566,0,0
4.878,0.1776,47.55,9,1.7566,0,0
4.644,-0.2336,36.19,9,1.7566,0,0
5.148,0.5038,47.53,9,1.7566,0,0
5.774,0.6264,50.07,9,1.7566,0,0
5.516,-0.2577,51.31,9,1.7566,0,0
5.331,-0.1858,51.4,9,1.7566,0,0
5.548,0.217,50.28,9,1.7566,0,0
5.198,-0.3491,51.83,9,1.7566,0,0
4.885,-0.3138,52.02,9,1.7566,0,0
5.894,1.0091,48.65,9,1.7566,0,0
5.168,-0.726,56.29,9,1.7566,0,0
5.456,0.2883,50.06,9,1.7566,0,0
4.047,-1.4095,52.58,9,1.7566,0,0
4.112,0.0656,57.35,9,1.7566,0,0
5.068,0.9556,55.0,9,1.7566,0,0
4.639,-0.4286,42.24,9,1.7566,0,0
5.104,0.4651,49.83,9,1.7566,0,0
4.803,-0.3009,50.42,9,1.7566,0,0
6.107,1.3036,54.17,9,1.7566,0,0
5.42,-0.6872,54.22,9,1.7566,0,0
5.592,0.172,49.05,9,1.7566,0,0
4.178,-1.4137,49.06,9,1.7566,0,0
5.325,1.1466,45.15,9,1.7566,0,0
4.929,-0.3952,46.54,9,1.7566,0,0
5.601,0.6714,53.75,9,1.7566,0,0
5.261,-0.3402,53.11,9,1.7566,0,0
4.985,-0.2755,50.99,9,1.7566,0,0
4.526,-0.4592,39.07,9,1.7566,0,0
5.06,0.5341,51.62,9,1.7566,0,0
5.484,0.4237,57.86,9,1.7566,0,0
5.628,0.1443,45.01,9,1.7566,0,0
6.013,0.3848,57.4,9,1.7566,0,0
5.448,-0.565,48.06,9,1.7566,0,0
4.647,-0.801,53.94,9,1.7566,0,0
4.56,-0.087,48.81,9,1.7566,0,0
4.954,0.3944,57.96,9,1.7566,0,0
4.858,-0.096,37.8,9,1.7566,0,0
5.202,0.3437,46.5,9,1.7566,0,0
5.017,-0.1847,49.57,9,1.7566,0,0
4.891,-0.1265,53.95,9,1.7566,0,0
4.387,-0.5037,47.41,9,1.7566,0,0
5.274,0.8868,46.93,9,1.7566,0,0
4.356,-0.9171,53.34,9,1.7566,0,0
5.449,1.0928,49.78,9,1.7566,0,0
4.216,-1.2336,53.53,9,1.7566,0,0
4.336,0.1204,51.54,9,1.7566,0,0
4.645,0.309,44.2,9,1.7566,0,0
4.823,0.1782,49.08,9,1.7566,0,0
4.742,-0.0809,52.94,9,1.7566,0,0
4.822,0.0793,54.9,9,1.7566,0,0
5.0,0.1784,75.46,9,1.7566,0,0
6.003,1.0031,73.74,9,1.7566,0,0
6.927,0.9243,68.79,9,1.7566,0,0
7.795,0.8671,61.78,9,1.7566,0,0
9.268,1.4735,80.14,9,1.7566,0,0
8.767,-0.5014,75.7,10,1.8518,0,0
9.064,0.2971,70.32,11,1.941,0,0
7.2,-1.8632,72.61,12,2.0338,0,0
6.899,-0.3011,68.54,12,2.0338,0,0
7.55,0.6509,62.87,12,2.0338,0,0
7.014,-0.5363,72.61,12,2.0338,0,0
7.88,0.8656,66.1,12,2.0338,0,0
5.798,-2.0819,71.22,12,2.0338,0,0
6.867,1.0697,66.17,12,2.0338,0,0
6.448,-0.4192,87.62,12,2.0338,0,0
5.86,-0.5884,76.61,12,2.0338,0,0
6.035,0.1758,69.58,12,2.0338,0,0
6.517,0.4814,69.54,12,2.0338,0,0
5.751,-0.766,68.37,12,2.0338,0,0
4.89,-0.8609,64.44,12,2.0338,0,0
5.187,0.2974,64.87,12,2.0338,0,0
5.106,-0.0812,69.36,12,2.0338,0,0
5.146,0.0398,72.1,12,2.0338,0,1
38.442,33.2959,97.15,12,2.0338,1,0
5.5,-32.9418,50.0,13,2.4791,1,0
-3.095,-8.5951,5.16,13,2.4791,1,0
32.541,35.6359,94.85,13,2.4791,1,0
4.5,-28.041,50.0,14,2.8536,1,0
29.866,25.3659,86.45,14,2.8536,1,0
-7.502,-37.3675,10.28,15,3.196,1,0
5.001,12.5026,50.0,15,3.196,1,0
27.291,22.2905,90.32,15,3.196,1,0
33.587,6.296,98.05,16,3.5075,1,0
-7.148,-40.7351,11.93,17,3.8945,1,0
5.403,12.5513,52.42,17,3.8945,0,0
5.487,0.0836,54.6,17,3.8945,0,0
5.609,0.1216,51.79,17,3.8945,0,0
5.362,-0.2466,48.46,17,3.8945,0,0
4.759,-0.6027,58.53,17,3.8945,0,0
5.086,0.3271,54.02,17,3.8945,0,0
5.049,-0.037,47.07,17,3.8945,0,0
5.004,-0.0451,57.18,17,3.8945,0,0
5.222,0.2177,41.44,17,3.8945,0,0
4.914,-0.3082,58.91,17,3.8945,0,0
4.914,0.0006,41.0,17,3.8945,0,0
5.757,0.8427,53.41,17,3.8945,0,0
4.972,-0.7852,48.14,17,3.8945,0,0
5.433,0.4609,47.29,17,3.8945,0,0
5.459,0.0264,52.71,17,3.8945,0,0
5.098,-0.3614,50.73,17,3.8945,0,0
4.93,-0.1679,55.23,17,3.8945,0,1
4.654,-0.2761,41.89,17,3.8945,0,1
5.246,0.5919,53.16,17,3.8945,0,1
5.192,-0.0537,52.04,17,3.8945,0,1
5.0,-0.1921,69.08,17,3.8945,0,1
5.965,0.9651,61.59,17,3.8945,0,1
8.443,2.4783,71.35,17,3.8945,0,1
9.161,0.7177,74.33,18,3.9798,0,0
8.668,-0.493,77.04,19,4.0737,0,0
10.102,1.4336,74.15,20,4.1617,0,0
10.171,0.069,82.09,21,4.2669,0,0
9.609,-0.5619,73.21,22,4.3729,0,0
7.776,-1.8329,74.82,23,4.4722,0,0
7.026,-0.7495,80.84,23,4.4722,0,0
7.913,0.8869,74.29,23,4.4722,0,0
6.515,-1.3984,79.6,23,4.4722,0,0
6.535,0.0199,77.81,23,4.4722,0,0
7.004,0.4691,74.76,23,4.4722,0,0
6.637,-0.367,80.46,23,4.4722,0,0
6.306,-0.3306,67.0,23,4.4722,0,0
5.946,-0.3597,76.28,23,4.4722,0,0
5.665,-0.2812,79.43,23,4.4722,0,0
5.415,-0.25,47.28,23,4.4722,0,0
5.565,0.1492,49.56,23,4.4722,0,0
5.082,-0.4826,55.89,23,4.4722,0,0
4.641,-0.4409,45.04,23,4.4722,0,0
4.921,0.2804,54.14,23,4.4722,0,0
4.468,-0.4538,41.66,23,4.4722,0,0
5.329,0.8618,46.99,23,4.4722,0,0
4.843,-0.4864,40.72,23,4.4722,0,0
4.728,-0.1147,49.96,23,4.4722,0,0
5.372,0.6437,46.14,23,4.4722,0,0
5.663,0.2908,46.58,23,4.4722,0,0
4.727,-0.9362,57.69,23,4.4722,0,0
5.085,0.3578,47.24,23,4.4722,0,0
4.938,-0.1466,56.77,23,4.4722,0,0
5.586,0.6485,45.92,23,4.4722,0,0
4.983,-0.6035,50.45,23,4.4722,0,0
4.606,-0.3775,49.72,23,4.4722,0,0
5.002,0.3966,55.7,23,4.4722,0,0
5.483,0.4808,48.35,23,4.4722,0,0
4.914,-0.5686,53.32,23,4.4722,0,0
4.766,-0.1485,52.94,23,4.4722,0,0
4.965,0.1989,45.15,23,4.4722,0,0
4.617,-0.3476,57.24,23,4.4722,0,1
4.937,0.3202,58.2,23,4.4722,0,1
4.795,-0.1429,51.46,23,4.4722,0,1
26.494,21.6995,82.65,23,4.4722,1,1
37.49,10.9961,84.3,24,4.7741,1,1
39.836,2.3456,80.23,25,5.208,1,0
-4.435,-44.2708,10.12,26,5.67,1,0
5.499,9.9341,52.0,26,5.67,1,0
-2.592,-8.0908,12.85,26,5.67,1,0
29.082,31.6741,96.97,26,5.67,1,0
22.049,-7.0335,85.68,27,6.003,1,0
28.014,5.965,85.17,28,6.2516,1,0
-5.4,-33.4133,6.82,29,6.5718,1,0
34.721,40.1202,90.93,29,6.5718,1,0
-9.069,-43.7894,13.44,30,6.9724,1,0
5.398,14.4672,46.55,30,6.9724,0,0
4.406,-0.9925,50.71,30,6.9724,0,0
4.297,-0.1084,48.8,30,6.9724,0,0
5.515,1.2173,40.45,30,6.9724,0,0
4.488,-1.0265,44.84,30,6.9724,0,0
4.975,0.4865,48.17,30,6.9724,0,0
5.56,0.585,54.77,30,6.9724,0,0
5.198,-0.3615,50.73,30,6.9724,0,0
5.157,-0.0408,45.69,30,6.9724,0,0
5.343,0.1856,44.44,30,6.9724,0,0
5.334,-0.0087,55.93,30,6.9724,0,0
5.084,-0.2498,49.12,30,6.9724,0,0
5.16,0.0758,35.69,30,6.9724,0,0
5.121,-0.0392,49.43,30,6.9724,0,0
4.98,-0.1412,53.53,30,6.9724,0,0
4.97,-0.0097,44.3,30,6.9724,0,0
4.943,-0.0267,50.34,30,6.9724,0,0
5.046,0.1025,50.81,30,6.9724,0,0
5.416,0.3698,44.57,30,6.9724,0,0
5.07,-0.3455,56.45,30,6.9724,0,0
5.072,0.0016,47.07,30,6.9724,0,0
4.852,-0.2201,45.48,30,6.9724,0,0
4.932,0.0805,59.21,30,6.9724,0,0
4.494,-0.438,44.15,30,6.9724,0,0
4.479,-0.015,58.64,30,6.9724,0,0
4.815,0.3358,49.87,30,6.9724,0,0
4.839,0.0238,45.28,30,6.9724,0,0
4.906,0.0671,62.29,30,6.9724,0,0
5.557,0.6509,45.74,30,6.9724,0,0
5.259,-0.2978,45.84,30,6.9724,0,0
4.289,-0.9696,55.1,30,6.9724,0,0
5.464,1.1746,55.23,30,6.9724,0,0
4.812,-0.652,49.17,30,6.9724,0,0
5.3,0.4879,51.96,30,6.9724,0,0
4.843,-0.4574,41.9,30,6.9724,0,0
5.046,0.203,55.4,30,6.9724,0,0
4.521,-0.5246,53.19,30,6.9724,0,0
5.133,0.6117,53.75,30,6.9724,0,0
5.349,0.2162,46.53,30,6.9724,0,0
4.353,-0.9956,47.33,30,6.9724,0,0
5.356,1.0024,47.29,30,6.9724,0,0
4.722,-0.6333,40.89,30,6.9724,0,0
5.701,0.9787,54.13,30,6.9724,0,0
5.308,-0.3931,54.84,30,6.9724,0,0
5.231,-0.0773,48.78,30,6.9724,0,0
4.934,-0.2962,47.86,30,6.9724,0,0
6.054,1.1194,52.78,30,6.9724,0,0
4.814,-1.2394,52.33,30,6.9724,0,0
4.596,-0.2188,57.52,30,6.9724,0,0
4.736,0.1399,52.51,30,6.9724,0,0
5.426,0.6908,51.92,30,6.9724,0,0
5.038,-0.3886,50.05,30,6.9724,0,0
4.977,-0.0604,47.12,30,6.9724,0,0
4.82,-0.1572,57.4,30,6.9724,0,0
5.22,0.3999,57.7,30,6.9724,0,0
5.352,0.132,57.29,30,6.9724,0,0
5.6,0.2481,58.88,30,6.9724,0,1
6.011,0.4112,51.58,30,6.9724,0,1
6.581,0.57,47.34,30,6.9724,0,1
6.25,-0.3313,52.46,30,6.9724,0,1
7.128,0.8776,52.86,30,6.9724,0,1
6.995,-0.1331,49.15,30,6.9724,0,1
8.65,1.6552,58.37,30,6.9724,0,1
8.259,-0.391,57.7,31,7.0602,0,1
8.273,0.0137,54.53,32,7.1433,0,1
11.383,3.1108,48.34,33,7.2266,0,1
11.377,-0.0064,58.92,34,7.3472,0,1
9.364,-2.0131,56.97,35,7.4677,0,1
10.655,1.2908,55.92,36,7.5641,0,1
13.254,2.5994,54.33,37,7.676,0,1
13.788,0.5336,57.93,38,7.819,0,0
12.304,-1.4836,52.73,39,7.9685,0,0
12.957,0.6533,58.9,40,8.1001,0,0
11.722,-1.2351,60.47,41,8.2396,0,0
11.008,-0.7144,61.3,42,8.3643,0,0
5.05,-5.9575,48.3,43,8.4804,0,0
4.644,-0.4064,42.66,43,8.4804,0,0
5.253,0.6091,46.08,43,8.4804,0,0
6.224,0.9707,44.57,43,8.4804,0,0
4.497,-1.7268,52.55,43,8.4804,0,0
5.612,1.1147,50.32,43,8.4804,0,0
5.229,-0.3828,40.78,43,8.4804,0,0
4.729,-0.4999,44.63,43,8.4804,0,0
4.242,-0.487,50.58,43,8.4804,0,0
4.103,-0.1391,43.39,43,8.4804,0,0
4.785,0.6823,45.84,43,8.4804,0,0
5.159,0.3734,51.53,43,8.4804,0,0
5.358,0.199,53.76,43,8.4804,0,0
5.456,0.0988,49.99,43,8.4804,0,0
5.121,-0.3349,52.56,43,8.4804,0,0
5.057,-0.0647,48.01,43,8.4804,0,0
4.867,-0.1896,45.91,43,8.4804,0,0
5.169,0.3016,49.53,43,8.4804,0,0
4.735,-0.4339,46.69,43,8.4804,0,0
4.516,-0.2189,54.89,43,8.4804,0,0
5.031,0.5156,45.69,43,8.4804,0,0
5.323,0.292,47.2,43,8.4804,0,0
4.437,-0.886,55.11,43,8.4804,0,0
4.785,0.3478,47.96,43,8.4804,0,0
5.016,0.2313,55.71,43,8.4804,0,0
5.008,-0.0085,44.0,43,8.4804,0,0
5.218,0.2095,47.58,43,8.4804,0,0
5.755,0.5376,49.99,43,8.4804,0,0
4.106,-1.6492,51.79,43,8.4804,0,0
5.778,1.6719,57.88,43,8.4804,0,0
5.732,-0.0455,44.9,43,8.4804,0,0
5.365,-0.3675,46.39,43,8.4804,0,0
5.09,-0.2751,43.64,43,8.4804,0,0
4.742,-0.3475,46.62,43,8.4804,0,0
5.359,0.6172,54.0,43,8.4804,0,0
5.111,-0.2487,43.25,43,8.4804,0,0
4.875,-0.2354,46.27,43,8.4804,0,0
5.348,0.4725,55.89,43,8.4804,0,0
4.647,-0.3534,60.69,0,0.0,0,0
5.343,0.6969,61.57,0,0.0,0,0
5.645,0.3012,53.83,0,0.0,0,1
6.612,0.9678,61.4,0,0.0,0,1
6.624,0.0114,59.68,0,0.0,0,1
6.765,0.1416,53.82,0,0.0,0,1
7.488,0.7224,50.93,0,0.0,0,1
7.673,0.1847,55.74,0,0.0,0,1
8.866,1.193,54.89,0,0.0,0,1
9.33,0.4645,55.11,1,0.0904,0,1
8.857,-0.4728,52.27,2,0.1864,0,1
9.992,1.1352,59.11,3,0.2767,0,1
10.5,0.5081,52.66,4,0.3806,0,1
11.449,0.9485,51.86,5,0.4906,0,1
11.327,-0.1221,64.2,6,0.612,0,1
13.134,1.8068,54.22,7,0.7319,0,1
12.667,-0.4666,53.21,8,0.8735,0,1
11.062,-1.6053,55.89,9,1.0095,0,1
13.218,2.1564,61.51,10,1.1262,0,1
15.371,2.1532,53.06,11,1.2688,0,1
12.806,-2.5649,64.32,12,1.4373,0,1
13.588,0.7811,60.0,13,1.575,0,0
16.48,2.8923,48.81,14,1.7221,0,0
17.022,0.5417,47.11,15,1.9039,0,0
15.799,-1.2229,57.96,16,2.0922,0,0
13.141,-2.6575,53.32,17,2.2658,0,0
4.887,-8.2546,52.48,18,2.4075,0,0
5.512,0.6258,46.82,18,2.4075,0,1
6.383,0.8701,56.61,18,2.4075,0,1
5.929,-0.4539,55.05,18,2.4075,0,1
6.882,0.953,51.64,18,2.4075,0,1
7.431,0.5495,57.29,18,2.4075,0,1
7.369,-0.0624,59.37,18,2.4075,0,1
8.769,1.4002,54.62,18,2.4075,0,1
8.808,0.0391,60.04,19,2.4967,0,1
8.945,0.1371,53.03,20,2.5864,0,1
8.602,-0.3432,56.94,21,2.6777,0,1
9.392,0.79,60.69,22,2.7649,0,1
8.984,-0.4074,51.39,23,2.8616,0,1
9.229,0.2442,50.45,24,2.9534,0,1
10.599,1.3703,52.31,25,3.0481,0,1
9.897,-0.7021,55.8,26,3.1593,0,1
13.206,3.3096,53.84,27,3.2621,0,1
11.752,-1.4547,56.74,28,3.4046,0,1
14.713,2.9614,58.44,29,3.5296,0,1
13.423,-1.2896,58.08,30,3.6902,0,1
15.121,1.6974,54.96,31,3.8353,0,1
14.191,-0.9302,59.19,32,4.0007,0,0
12.402,-1.7885,55.92,33,4.155,0,0
12.133,-0.2689,57.96,34,4.2878,0,0
17.912,5.7792,55.62,35,4.4174,0,0
17.216,-0.6964,52.34,36,4.6163,0,0
5.73,-11.4854,44.33,37,4.8069,0,0
5.531,-0.1991,46.72,37,4.8069,0,0
5.805,0.2739,52.96,37,4.8069,0,0
4.594,-1.2117,47.39,37,4.8069,0,0
5.312,0.7189,55.26,37,4.8069,0,0
4.972,-0.3408,50.22,37,4.8069,0,0
5.303,0.3316,50.66,37,4.8069,0,0
4.483,-0.8207,45.94,37,4.8069,0,0
5.094,0.6114,56.08,37,4.8069,0,0
5.646,0.5523,53.9,37,4.8069,0,0
5.115,-0.5315,53.74,37,4.8069,0,0
4.733,-0.3816,49.23,37,4.8069,0,0
4.67,-0.063,43.76,37,4.8069,0,0
5.133,0.4631,50.93,37,4.8069,0,0
5.275,0.1416,52.73,37,4.8069,0,0
5.097,-0.178,52.78,37,4.8069,0,0
4.855,-0.2423,56.48,37,4.8069,0,0
5.398,0.5434,55.21,37,4.8069,0,1
5.526,0.1279,50.5,37,4.8069,0,1
6.377,0.8509,57.15,37,4.8069,0,1
6.752,0.3755,67.13,37,4.8069,0,1
6.567,-0.1851,53.41,37,4.8069,0,1
7.378,0.8112,54.54,37,4.8069,0,1
8.365,0.9866,56.08,37,4.8069,0,1
8.838,0.473,54.46,38,4.8913,0,1
8.633,-0.2054,65.69,39,4.9814,0,1
9.004,0.3718,52.21,40,5.069,0,1
8.774,-0.2305,57.22,41,5.1611,0,1
9.537,0.7628,56.36,42,5.2504,0,1
10.606,1.0691,51.33,43,5.3488,0,1
9.815,-0.7909,57.75,44,5.4601,0,1
12.515,2.7002,58.11,45,5.5619,0,0
13.858,1.343,55.71,46,5.6961,0,0
12.254,-1.6039,51.05,47,5.8464,0,0
10.714,-1.5401,57.26,48,5.9774,0,0
10.631,-0.0835,51.08,49,6.09,0,0
4.455,-6.1754,42.89,50,6.2016,0,0
4.671,0.2161,50.43,50,6.2016,0,0
4.528,-0.1435,49.42,50,6.2016,0,0
5.423,0.8957,43.49,50,6.2016,0,0
4.917,-0.506,55.12,50,6.2016,0,0
4.833,-0.0847,47.13,50,6.2016,0,0
5.465,0.6327,48.47,50,6.2016,0,0
5.442,-0.0236,52.14,50,6.2016,0,0
4.863,-0.5789,52.4,50,6.2016,0,0
5.128,0.2653,55.1,50,6.2016,0,0
4.781,-0.3475,50.21,50,6.2016,0,0
4.975,0.1947,53.52,50,6.2016,0,0
4.59,-0.3855,55.08,50,6.2016,0,0
5.187,0.5966,43.42,50,6.2016,0,0
5.483,0.2968,61.17,50,6.2016,0,0
5.571,0.0875,50.43,50,6.2016,0,0
4.335,-1.2354,40.78,50,6.2016,0,0
5.102,0.7666,47.04,50,6.2016,0,0
4.634,-0.4679,49.69,50,6.2016,0,0
5.246,0.6121,42.74,50,6.2016,0,0
4.82,-0.4258,57.55,50,6.2016,0,0
4.57,-0.2506,54.35,50,6.2016,0,0
4.806,0.2362,52.73,50,6.2016,0,0
5.439,0.6328,53.71,50,6.2016,0,0
5.364,-0.0753,44.24,50,6.2016,0,0
5.445,0.0818,45.74,50,6.2016,0,0
5.104,-0.3416,51.29,50,6.2016,0,0
5.194,0.0902,51.68,50,6.2016,0,0
4.662,-0.5316,43.25,50,6.2016,0,0
5.349,0.6865,50.93,50,6.2016,0,0
5.46,0.1108,49.78,50,6.2016,0,0
4.438,-1.0218,54.83,50,6.2016,0,0
4.852,0.4139,51.71,50,6.2016,0,0
4.741,-0.1108,58.22,50,6.2016,0,0
4.649,-0.0916,48.31,50,6.2016,0,0
5.043,0.3936,44.54,50,6.2016,0,0
5.132,0.0892,58.06,50,6.2016,0,0
4.804,-0.3284,51.98,50,6.2016,0,0
3.9,-0.9036,49.81,50,6.2016,0,0
4.875,0.9746,45.91,50,6.2016,0,0
5.433,0.5578,48.37,50,6.2016,0,0
4.233,-1.1993,44.34,50,6.2016,0,0
5.384,1.1512,39.45,50,6.2016,0,0
4.693,-0.691,48.0,50,6.2016,0,0
5.697,1.004,53.84,50,6.2016,0,0
4.777,-0.9203,56.52,50,6.2016,0,0
4.704,-0.0733,55.05,50,6.2016,0,0
4.456,-0.2473,55.37,50,6.2016,0,0
4.838,0.3811,44.86,50,6.2016,0,0
4.913,0.0756,51.39,50,6.2016,0,0
4.802,-0.111,52.77,50,6.2016,0,0
4.767,-0.0353,53.1,50,6.2016,0,0
5.177,0.4101,49.7,50,6.2016,0,0
4.823,-0.3534,50.76,50,6.2016,0,0
5.22,0.3967,60.31,50,6.2016,0,0
5.376,0.1557,54.88,50,6.2016,0,0
6.235,0.8596,52.58,50,6.2016,0,0
5.194,-1.0415,53.52,50,6.2016,0,0
4.596,-0.5974,47.78,50,6.2016,0,0
4.798,0.2011,53.24,50,6.2016,0,0
4.93,0.1328,50.69,50,6.2016,0,0
5.435,0.5047,54.32,50,6.2016,0,0
4.935,-0.4997,46.65,50,6.2016,0,0
5.454,0.5188,53.87,50,6.2016,0,0
4.357,-1.0966,48.43,50,6.2016,0,0
5.066,0.7087,53.89,50,6.2016,0,0
5.364,0.2978,51.42,50,6.2016,0,0
5.234,-0.1299,50.32,50,6.2016,0,0
4.73,-0.5036,48.69,50,6.2016,0,0
5.008,0.2771,49.83,50,6.2016,0,0
4.246,-0.7618,48.01,50,6.2016,0,0
5.022,0.7767,48.59,50,6.2016,0,0
4.901,-0.1212,52.44,50,6.2016,0,0
4.568,-0.3329,41.86,50,6.2016,0,0
4.861,0.2923,53.82,50,6.2016,0,0
5.675,0.8143,53.91,50,6.2016,0,0
4.413,-1.2623,48.84,50,6.2016,0,0
5.103,0.69,50.89,50,6.2016,0,0
4.633,-0.4695,50.32,50,6.2016,0,0
5.168,0.5349,54.13,50,6.2016,0,0
4.678,-0.4904,48.27,50,6.2016,0,0
3.918,-0.7592,46.89,50,6.2016,0,0
4.79,0.8718,44.9,50,6.2016,0,0
5.066,0.276,49.72,50,6.2016,0,0
4.096,-0.9699,51.08,50,6.2016,0,0
4.629,0.5324,52.43,50,6.2016,0,0
4.487,-0.1414,50.15,50,6.2016,0,0
4.887,0.3995,51.52,50,6.2016,0,0
5.05,0.1631,48.72,50,6.2016,0,0
4.385,-0.6644,42.61,50,6.2016,0,0
4.766,0.381,49.96,50,6.2016,0,0
4.757,-0.0097,53.13,50,6.2016,0,0
4.888,0.1316,45.17,50,6.2016,0,0
36.253,31.3649,88.57,50,6.2016,1,0
-9.933,-46.1861,7.88,51,6.6206,1,0
5.499,15.4323,52.0,51,6.6206,1,0
-6.896,-12.3959,14.67,51,6.6206,1,0
29.906,36.8022,88.5,51,6.6206,1,0
5.001,-24.9052,50.0,52,6.9635,1,1
-1.733,-6.7335,14.09,52,6.9635,1,1
32.157,33.8902,88.4,52,6.9635,1,1
5.0,-27.1573,76.26,53,7.3334,0,1
6.791,1.7914,82.03,53,7.3334,0,1
7.011,0.2194,62.73,53,7.3334,0,1
7.104,0.0929,59.87,53,7.3334,0,1
8.823,1.7191,65.36,53,7.3334,0,0
9.753,0.9304,77.67,54,7.4233,0,0
9.023,-0.7298,72.05,55,7.5243,0,0
9.095,0.0714,66.13,56,7.6166,0,0
8.102,-0.9925,74.28,57,7.7097,0,0
7.52,-0.582,76.76,58,7.7909,0,0
7.989,0.4683,69.95,58,7.7909,0,0
7.596,-0.3926,75.16,58,7.7909,0,0
7.28,-0.3162,70.3,58,7.7909,0,0
6.359,-0.9213,72.28,58,7.7909,0,0
6.364,0.0052,78.64,58,7.7909,0,0
6.063,-0.3007,77.87,58,7.7909,0,0
5.292,-0.7715,62.51,58,7.7909,0,0
5.702,0.4105,76.33,58,7.7909,0,0
5.635,-0.0669,73.42,58,7.7909,0,0
5.767,0.1316,76.63,58,7.7909,0,0
5.201,-0.5656,64.11,58,7.7909,0,0
5.228,0.0269,84.38,58,7.7909,0,0
5.222,-0.0063,80.53,58,7.7909,0,0
4.942,-0.28,70.18,58,7.7909,0,0
5.161,0.2188,64.15,58,7.7909,0,0
5.166,0.0049,70.66,58,7.7909,0,0
5.047,-0.1185,69.01,58,7.7909,0,0
5.037,-0.0104,79.86,58,7.7909,0,0
5.053,0.0164,55.36,58,7.7909,0,0
5.093,0.0395,51.18,58,7.7909,0,0
5.809,0.7168,60.76,58,7.7909,0,1
6.293,0.4838,59.32,58,7.7909,0,1
7.085,0.7915,54.03,58,7.7909,0,1
7.53,0.4456,50.24,58,7.7909,0,1
7.715,0.185,54.28,58,7.7909,0,1
7.721,0.0059,50.85,58,7.7909,0,1
8.733,1.012,52.5,58,7.7909,0,1
10.016,1.2829,53.78,59,7.8797,0,1
8.705,-1.3111,55.05,60,7.9839,0,1
8.76,0.0546,55.16,61,8.0724,0,1
8.712,-0.0472,51.32,62,8.1615,0,1
9.711,0.9983,49.71,63,8.25,0,1
11.33,1.6194,61.24,64,8.3505,0,1
12.366,1.0357,56.41,65,8.4705,0,1
10.815,-1.5507,58.75,66,8.6029,0,1
11.452,0.6368,51.74,67,8.7167,0,0
5.0,-6.452,74.43,68,8.8381,0,0
6.702,1.7023,81.63,68,8.8381,0,0
7.956,1.2542,75.41,68,8.8381,0,0
9.973,2.0161,78.2,68,8.8381,0,0
8.635,-1.3374,70.48,69,8.9418,0,0
9.191,0.5562,75.49,70,9.0294,0,0
7.79,-1.4013,72.68,71,9.1237,0,0
7.573,-0.2172,80.29,71,9.1237,0,0
8.725,1.1526,64.86,71,9.1237,0,0
6.914,-1.8117,76.35,72,9.2124,0,0
6.356,-0.5573,71.57,72,9.2124,0,0
5.892,-0.4647,74.04,72,9.2124,0,0
7.031,1.1392,63.97,72,9.2124,0,0
5.98,-1.0509,72.47,72,9.2124,0,0
6.023,0.0432,84.19,72,9.2124,0,0
6.084,0.0603,67.2,72,9.2124,0,0
6.764,0.6808,80.08,72,9.2124,0,0
5.443,-1.3209,69.74,72,9.2124,0,0
5.256,-0.1875,68.57,72,9.2124,0,0
5.089,-0.1671,77.81,72,9.2124,0,0
5.687,0.5982,80.75,72,9.2124,0,0
4.949,-0.7375,62.11,72,9.2124,0,0
4.984,0.0351,53.23,72,9.2124,0,0
4.694,-0.2906,47.1,72,9.2124,0,0
4.815,0.1208,40.74,72,9.2124,0,0
5.345,0.5301,55.96,72,9.2124,0,0
4.719,-0.6252,51.74,72,9.2124,0,0
4.894,0.1743,51.64,72,9.2124,0,0
4.749,-0.1448,45.58,72,9.2124,0,0
5.421,0.6719,49.68,72,9.2124,0,0
5.809,0.388,50.23,72,9.2124,0,0
4.63,-1.1793,56.13,72,9.2124,0,0
5.252,0.6228,53.63,72,9.2124,0,0
5.476,0.2239,46.74,72,9.2124,0,0
4.949,-0.5271,49.14,72,9.2124,0,0
4.484,-0.4654,48.68,72,9.2124,0,0
5.535,1.0509,51.19,72,9.2124,0,0
4.462,-1.073,42.22,72,9.2124,0,0
5.666,1.2043,49.55,72,9.2124,0,0
4.741,-0.9249,48.63,72,9.2124,0,0
4.409,-0.332,57.12,72,9.2124,0,0
4.843,0.4337,56.84,72,9.2124,0,0
5.021,0.1779,57.15,72,9.2124,0,0
5.103,0.082,54.27,72,9.2124,0,0
5.288,0.185,53.12,72,9.2124,0,0
5.139,-0.1485,48.84,72,9.2124,0,0
5.766,0.627,45.47,72,9.2124,0,0
5.002,-0.7645,50.07,72,9.2124,0,0
5.161,0.1593,47.85,72,9.2124,0,0
5.126,-0.0351,49.16,72,9.2124,0,0
4.367,-0.7587,50.05,72,9.2124,0,0
4.56,0.1926,41.33,72,9.2124,0,0
5.055,0.495,52.44,72,9.2124,0,0
5.211,0.1559,52.84,72,9.2124,0,0
4.227,-0.9837,43.19,72,9.2124,0,0
5.789,1.5624,44.76,72,9.2124,0,0
4.725,-1.0642,50.4,72,9.2124,0,0
4.747,0.0215,52.81,72,9.2124,0,0
5.055,0.308,47.76,72,9.2124,0,0
4.58,-0.4748,51.34,72,9.2124,0,0
4.515,-0.065,52.14,72,9.2124,0,0
6.051,1.5357,56.75,72,9.2124,0,0
5.287,-0.7633,49.57,72,9.2124,0,0
4.224,-1.0628,43.39,72,9.2124,0,0
5.513,1.2886,46.05,72,9.2124,0,0
4.72,-0.7928,49.17,72,9.2124,0,0
4.575,-0.1451,43.87,72,9.2124,0,0
4.98,0.4046,45.54,72,9.2124,0,0
4.704,-0.2762,46.09,72,9.2124,0,0
5.209,0.5054,48.84,72,9.2124,0,0
4.929,-0.2804,52.98,72,9.2124,0,0
4.943,0.0146,48.61,72,9.2124,0,0
5.188,0.245,53.34,72,9.2124,0,0
4.941,-0.247,50.4,72,9.2124,0,0
4.687,-0.2539,45.7,72,9.2124,0,0
5.308,0.6204,52.22,72,9.2124,0,0
5.182,-0.1255,51.4,72,9.2124,0,0
5.018,-0.1636,53.48,72,9.2124,0,0
5.374,0.3556,54.56,72,9.2124,0,0
4.96,-0.4144,56.93,72,9.2124,0,0
5.091,0.1317,53.16,72,9.2124,0,1
5.113,0.0215,51.24,72,9.2124,0,1
4.706,-0.4071,53.51,72,9.2124,0,1
6.138,1.4324,48.13,72,9.2124,0,1
5.0,-1.1381,67.96,72,9.2124,0,1
5.835,0.8354,67.45,72,9.2124,0,1
8.374,2.5386,88.8,72,9.2124,0,1
8.401,0.0268,77.4,73,9.2969,0,0
9.6,1.1989,70.31,74,9.3817,0,0
10.488,0.8879,76.55,75,9.4809,0,0
8.566,-1.922,70.81,76,9.5908,0,0
8.82,0.254,61.28,77,9.6776,0,0
7.914,-0.9055,73.82,78,9.7674,0,0
7.577,-0.3371,79.02,78,9.7674,0,0
6.777,-0.8001,77.57,78,9.7674,0,0
7.385,0.6085,63.94,78,9.7674,0,0
6.34,-1.0454,78.54,78,9.7674,0,0
7.205,0.8648,74.76,78,9.7674,0,0
5.536,-1.6685,74.25,78,9.7674,0,0
6.257,0.7205,80.11,78,9.7674,0,0
4.514,-1.7429,48.35,78,9.7674,0,0
5.017,0.5033,58.91,78,9.7674,0,0
4.803,-0.2142,47.62,78,9.7674,0,0
5.619,0.8166,48.13,78,9.7674,0,0
5.289,-0.3306,42.61,78,9.7674,0,0
4.932,-0.3574,41.7,78,9.7674,0,0
4.578,-0.3537,54.2,78,9.7674,0,0
4.98,0.4022,48.4,78,9.7674,0,0
4.701,-0.2795,48.9,78,9.7674,0,0
5.12,0.4199,54.91,78,9.7674,0,0
3.95,-1.1705,45.84,78,9.7674,0,0
5.064,1.1137,49.51,78,9.7674,0,0
5.161,0.0977,51.34,78,9.7674,0,0
4.878,-0.2833,47.37,78,9.7674,0,0
4.902,0.0237,55.74,78,9.7674,0,0
4.707,-0.1946,49.69,78,9.7674,0,0
5.073,0.3661,57.8,78,9.7674,0,0
4.88,-0.1935,54.79,78,9.7674,0,0
5.493,0.6129,49.68,78,9.7674,0,0
4.916,-0.5771,48.35,78,9.7674,0,0
5.092,0.1767,51.18,78,9.7674,0,0
4.55,-0.5425,45.16,78,9.7674,0,0
5.857,1.3075,49.11,78,9.7674,0,0
4.69,-1.1673,57.16,78,9.7674,0,0
5.113,0.4226,52.89,78,9.7674,0,0
4.945,-0.1679,48.41,78,9.7674,0,0
4.932,-0.0126,43.09,78,9.7674,0,0
4.965,0.0327,51.48,78,9.7674,0,0
5.74,0.7754,50.43,78,9.7674,0,0
4.066,-1.6739,49.53,78,9.7674,0,0
6.096,2.0295,54.33,78,9.7674,0,0
4.676,-1.4202,52.96,78,9.7674,0,0
4.703,0.0276,43.23,78,9.7674,0,0
4.861,0.1575,50.46,78,9.7674,0,0
4.251,-0.6095,44.25,78,9.7674,0,0
5.004,0.753,47.96,78,9.7674,0,0
5.158,0.1538,43.93,78,9.7674,0,0
5.286,0.1277,44.08,78,9.7674,0,0
5.657,0.3714,41.42,78,9.7674,0,0
4.563,-1.0941,52.09,78,9.7674,0,0
5.666,1.1027,51.58,78,9.7674,0,0
5.225,-0.4406,50.09,78,9.7674,0,0
4.589,-0.6357,47.55,78,9.7674,0,0
4.515,-0.0742,43.61,78,9.7674,0,0
5.161,0.6455,44.38,78,9.7674,0,0
5.128,-0.0329,43.49,78,9.7674,0,0
5.119,-0.0093,47.56,78,9.7674,0,0
5.563,0.4441,51.62,78,9.7674,0,0
5.494,-0.0683,46.22,78,9.7674,0,0
5.022,-0.4719,45.09,78,9.7674,0,0
4.835,-0.1879,48.69,78,9.7674,0,0
4.71,-0.1249,43.92,78,9.7674,0,0
4.435,-0.2751,38.3,78,9.7674,0,0
4.577,0.1429,53.14,78,9.7674,0,0
4.361,-0.2169,43.16,78,9.7674,0,0
5.716,1.3558,46.82,78,9.7674,0,0
5.128,-0.5879,53.21,78,9.7674,0,0
5.265,0.1366,42.39,78,9.7674,0,0
4.353,-0.9123,62.23,78,9.7674,0,0
4.362,0.0093,44.76,78,9.7674,0,0
4.584,0.2217,42.52,78,9.7674,0,0
5.541,0.9573,62.11,78,9.7674,0,0
4.81,-0.7313,43.4,78,9.7674,0,0
4.105,-0.7045,48.78,78,9.7674,0,0
4.873,0.7682,46.74,78,9.7674,0,0
5.129,0.1292,48.42,0,0.0,0,0
4.559,-0.5699,53.33,0,0.0,0,0
5.005,0.4457,54.44,0,0.0,0,0
5.316,0.311,42.89,0,0.0,0,0
4.426,-0.8897,46.22,0,0.0,0,0
4.577,0.1512,53.78,0,0.0,0,0
5.141,0.563,55.5,0,0.0,0,0
5.159,0.0181,51.04,0,0.0,0,0
5.48,0.3213,52.35,0,0.0,0,0
5.027,-0.4527,57.4,0,0.0,0,0
5.046,0.0188,48.48,0,0.0,0,0
4.665,-0.3812,53.52,0,0.0,0,0
5.495,0.8299,49.75,0,0.0,0,0
5.523,0.0283,40.15,0,0.0,0,0
4.978,-0.5453,49.8,0,0.0,0,0
4.709,-0.2686,61.92,0,0.0,0,0
4.974,0.2643,47.96,0,0.0,0,0
5.01,0.0369,39.99,0,0.0,0,0
4.696,-0.3143,54.92,0,0.0,0,0
4.748,0.0524,45.86,0,0.0,0,0
5.524,0.7754,56.7,0,0.0,0,0
5.207,-0.317,47.72,0,0.0,0,0
4.904,-0.3026,45.98,0,0.0,0,0
4.602,-0.3021,44.78,0,0.0,0,0
4.753,0.1507,44.83,0,0.0,0,0
4.375,-0.3783,51.1,0,0.0,0,0
5.094,0.7193,58.5,0,0.0,0,0
4.733,-0.3612,51.48,0,0.0,0,0
5.125,0.3924,48.73,0,0.0,0,0
5.298,0.1726,53.88,0,0.0,0,0
5.131,-0.1668,48.72,0,0.0,0,0
4.857,-0.274,43.16,0,0.0,0,0
4.678,-0.1794,46.89,0,0.0,0,0
4.55,-0.1272,52.2,0,0.0,0,0
5.479,0.9282,45.46,0,0.0,0,0
5.113,-0.3653,44.83,0,0.0,0,0
4.878,-0.2353,46.55,0,0.0,0,0
5.241,0.3627,46.61,0,0.0,0,0
5.405,0.1639,48.77,0,0.0,0,0
5.051,-0.354,58.58,0,0.0,0,0
5.896,0.8449,60.72,0,0.0,0,1
5.989,0.0935,56.88,0,0.0,0,1
6.553,0.5641,56.45,0,0.0,0,1
6.433,-0.1202,61.89,0,0.0,0,1
7.622,1.1887,61.03,0,0.0,0,1
7.977,0.3559,55.02,0,0.0,0,1
8.516,0.5387,49.57,0,0.0,0,1
8.953,0.4368,51.14,1,0.0862,0,1
9.967,1.0139,54.32,2,0.1776,0,1
8.718,-1.2485,53.15,3,0.2812,0,1
9.846,1.1274,52.1,4,0.3698,0,1
11.766,1.92,54.93,5,0.4719,0,1
10.254,-1.5112,55.37,6,0.5971,0,1
9.265,-0.9894,49.23,7,0.7042,0,1
12.13,2.8649,54.34,8,0.7994,0,0
11.88,-0.2494,55.24,9,0.929,0,0
12.096,0.2159,56.6,10,1.0556,0,0
13.621,1.5248,56.5,11,1.1848,0,0
11.81,-1.8113,58.46,12,1.3323,0,0
4.961,-6.8493,51.22,13,1.458,0,0
5.425,0.4648,46.74,13,1.458,0,0
4.749,-0.6768,50.91,13,1.458,0,0
5.166,0.4175,45.88,13,1.458,0,0
4.97,-0.196,49.53,13,1.458,0,0
4.114,-0.8562,48.9,13,1.458,0,0
4.937,0.8232,49.2,13,1.458,0,0
5.566,0.6293,43.92,13,1.458,0,0
4.67,-0.8962,36.94,13,1.458,0,0
4.808,0.1375,48.02,13,1.458,0,0
4.796,-0.0116,55.54,13,1.458,0,0
5.344,0.5482,50.39,13,1.458,0,0
4.852,-0.4925,55.13,13,1.458,0,0
4.992,0.1403,45.91,13,1.458,0,0
4.314,-0.6786,47.79,13,1.458,0,0
5.302,0.9884,61.38,13,1.458,0,0
5.025,-0.2772,46.17,13,1.458,0,0
4.526,-0.4986,52.76,13,1.458,0,0
4.294,-0.2319,52.75,13,1.458,0,0
5.327,1.0329,52.18,13,1.458,0,0
4.912,-0.4149,52.82,13,1.458,0,0
5.068,0.1562,46.11,13,1.458,0,0
5.74,0.6718,48.24,13,1.458,0,0
5.31,-0.4299,37.91,13,1.458,0,0
5.511,0.2003,57.34,13,1.458,0,0
5.012,-0.4987,52.79,13,1.458,0,0
5.223,0.2115,46.79,13,1.458,0,0
5.219,-0.0046,45.96,13,1.458,0,0
4.756,-0.4624,55.63,13,1.458,0,0
5.39,0.6334,46.47,13,1.458,0,0
4.707,-0.6833,46.77,13,1.458,0,0
5.293,0.5865,45.0,13,1.458,0,0
5.0,-0.2931,78.06,13,1.458,0,0
5.776,0.7764,66.14,13,1.458,0,0
7.003,1.2268,74.1,13,1.458,0,0
7.484,0.4805,68.35,13,1.458,0,0
10.331,2.8471,65.95,13,1.458,0,0
8.447,-1.8839,92.72,14,1.566,0,0
9.174,0.7273,80.52,15,1.6514,0,0
8.264,-0.9104,83.97,16,1.7455,0,0
7.702,-0.5622,69.62,17,1.8287,0,0
7.309,-0.3922,66.97,17,1.8287,0,0
6.184,-1.1253,74.17,17,1.8287,0,0
6.986,0.8022,74.74,17,1.8287,0,0
7.049,0.0624,75.2,17,1.8287,0,0
7.658,0.6097,73.82,17,1.8287,0,0
6.957,-0.7018,71.44,17,1.8287,0,0
6.303,-0.6534,75.64,17,1.8287,0,0
6.544,0.2406,66.7,17,1.8287,0,0
6.454,-0.0903,68.93,17,1.8287,0,0
5.316,-1.1374,59.4,17,1.8287,0,0
5.554,0.2376,72.48,17,1.8287,0,0
5.291,-0.2629,71.83,17,1.8287,0,0
5.204,-0.0866,69.79,17,1.8287,0,0
5.428,0.2234,78.02,17,1.8287,0,0
4.599,-0.829,56.39,17,1.8287,0,0
4.663,0.0641,51.42,17,1.8287,0,0
4.344,-0.3185,39.8,17,1.8287,0,0
5.127,0.7831,45.95,17,1.8287,0,0
4.204,-0.923,52.7,17,1.8287,0,0
5.848,1.6437,56.95,17,1.8287,0,0
4.897,-0.951,50.04,17,1.8287,0,0
5.355,0.458,55.61,17,1.8287,0,0
4.863,-0.4925,50.17,17,1.8287,0,0
5.12,0.2577,52.77,17,1.8287,0,0
4.947,-0.1735,49.4,17,1.8287,0,0
5.552,0.6052,56.05,17,1.8287,0,0
5.191,-0.361,58.6,17,1.8287,0,0
4.845,-0.3455,58.11,17,1.8287,0,0
5.217,0.3716,66.36,17,1.8287,0,0
4.523,-0.694,46.55,17,1.8287,0,0
5.168,0.6445,51.99,17,1.8287,0,0
5.78,0.6125,46.66,17,1.8287,0,0
5.362,-0.4181,55.81,17,1.8287,0,0
5.282,-0.0801,45.2,17,1.8287,0,0
5.563,0.2812,56.15,17,1.8287,0,0
5.082,-0.4814,51.13,17,1.8287,0,0
4.969,-0.1132,53.2,17,1.8287,0,0
5.012,0.0439,45.76,17,1.8287,0,0
4.581,-0.4319,46.24,17,1.8287,0,0
5.089,0.5083,49.87,17,1.8287,0,0
5.086,-0.0027,52.5,17,1.8287,0,0
4.749,-0.3371,57.33,17,1.8287,0,0
4.893,0.1438,47.83,17,1.8287,0,0
5.193,0.3,40.82,17,1.8287,0,0
4.684,-0.5092,54.91,17,1.8287,0,0
4.305,-0.3788,55.59,17,1.8287,0,0
5.604,1.2994,48.15,17,1.8287,0,0
5.117,-0.4877,55.6,17,1.8287,0,0
4.813,-0.3034,54.34,17,1.8287,0,0
4.732,-0.0817,47.61,17,1.8287,0,0
4.68,-0.0513,51.71,17,1.8287,0,0
4.492,-0.1888,44.59,17,1.8287,0,0
5.158,0.6663,59.22,17,1.8287,0,0
5.157,-0.0003,48.07,17,1.8287,0,0
5.306,0.149,48.8,17,1.8287,0,0
4.849,-0.4578,45.21,17,1.8287,0,0
5.563,0.7147,37.3,17,1.8287,0,0
5.319,-0.2442,47.68,17,1.8287,0,0
4.836,-0.4833,58.46,17,1.8287,0,0
4.714,-0.1215,46.6,17,1.8287,0,0
4.948,0.2335,52.07,17,1.8287,0,0
4.823,-0.1246,42.13,17,1.8287,0,0
4.654,-0.1695,56.41,17,1.8287,0,0
5.03,0.3762,52.26,17,1.8287,0,0
4.895,-0.1345,46.7,17,1.8287,0,0
5.671,0.7756,49.06,17,1.8287,0,0
4.823,-0.8484,55.48,17,1.8287,0,0
4.711,-0.1116,47.03,17,1.8287,0,0
5.004,0.293,50.0,17,1.8287,0,0
5.104,0.0997,60.46,17,1.8287,0,0
5.134,0.0307,38.11,17,1.8287,0,0
5.131,-0.004,50.19,17,1.8287,0,0
5.017,-0.1131,51.23,17,1.8287,0,0
4.989,-0.0289,49.74,17,1.8287,0,0
5.245,0.2567,47.29,17,1.8287,0,0
4.621,-0.6243,65.12,17,1.8287,0,1
5.0,0.3791,72.7,17,1.8287,0,1
6.364,1.3641,78.27,17,1.8287,0,1
7.302,0.9379,61.37,17,1.8287,0,1
9.94,2.6376,81.17,17,1.8287,0,0
8.551,-1.3883,66.87,18,1.932,0,0
7.695,-0.8565,72.17,19,2.0186,0,0
9.152,1.4575,78.73,19,2.0186,0,0
8.004,-1.1483,68.64,20,2.1124,0,0
7.035,-0.9692,58.47,21,2.1924,0,0
8.276,1.2414,70.8,21,2.1924,0,0
6.945,-1.3309,63.21,22,2.2757,0,0
6.843,-0.1022,77.06,22,2.2757,0,0
6.353,-0.4902,83.73,22,2.2757,0,0
5.991,-0.3624,69.78,22,2.2757,0,0
7.052,1.0615,77.81,22,2.2757,0,0
6.295,-0.7573,71.18,22,2.2757,0,0
5.653,-0.642,68.46,22,2.2757,0,0
5.54,-0.1129,77.25,22,2.2757,0,0
5.777,0.2377,71.21,22,2.2757,0,0
5.386,-0.3917,83.67,22,2.2757,0,0
5.455,0.0692,67.85,22,2.2757,0,0
5.35,-0.1048,70.3,22,2.2757,0,0
5.036,-0.3137,60.12,22,2.2757,0,0
5.235,0.1986,50.35,22,2.2757,0,0
5.998,0.7634,53.14,22,2.2757,0,0
6.11,0.1118,54.81,22,2.2757,0,0
6.46,0.3501,61.19,22,2.2757,0,1
7.699,1.239,52.87,22,2.2757,0,1
7.563,-0.1369,48.21,22,2.2757,0,1
7.273,-0.2896,57.99,22,2.2757,0,1
7.964,0.6912,51.53,22,2.2757,0,1
7.953,-0.0111,56.47,22,2.2757,0,1
10.358,2.4046,58.06,22,2.2757,0,1
10.152,-0.2053,50.98,23,2.384,0,1
10.286,0.134,49.44,24,2.4898,0,1
10.727,0.4402,54.79,25,2.5972,0,1
9.621,-1.1056,56.51,26,2.7099,0,1
11.042,1.4215,53.31,27,2.8094,0,0
13.479,2.4366,51.15,28,2.9259,0,0
10.837,-2.6425,54.85,29,3.0716,0,0
13.686,2.8494,50.69,30,3.1856,0,0
13.949,0.2635,60.6,31,3.3338,0,0
4.693,-9.2569,48.77,32,3.4852,0,0
4.462,-0.2302,52.03,32,3.4852,0,0
5.236,0.7736,62.35,32,3.4852,0,0
4.751,-0.4847,48.66,32,3.4852,0,0
4.77,0.0184,51.06,32,3.4852,0,0
5.153,0.383,49.73,32,3.4852,0,0
5.435,0.2819,46.92,32,3.4852,0,0
5.394,-0.0401,52.69,32,3.4852,0,0
4.995,-0.3993,48.43,32,3.4852,0,0
5.971,0.9755,45.91,32,3.4852,0,0
5.119,-0.8515,46.25,32,3.4852,0,0
5.714,0.5951,54.43,32,3.4852,0,0
4.729,-0.9856,52.56,32,3.4852,0,0
5.103,0.3744,47.42,32,3.4852,0,0
5.303,0.2002,51.95,32,3.4852,0,0
5.086,-0.217,49.79,32,3.4852,0,0
5.172,0.0861,51.15,32,3.4852,0,0
5.024,-0.1488,46.79,32,3.4852,0,0
5.678,0.6539,44.75,32,3.4852,0,0
5.171,-0.5065,48.4,32,3.4852,0,0
5.704,0.5328,45.48,32,3.4852,0,0
4.706,-0.9979,45.15,32,3.4852,0,0
5.129,0.4235,43.13,32,3.4852,0,0
4.809,-0.3208,39.24,32,3.4852,0,0
5.096,0.2876,47.5,32,3.4852,0,0
4.405,-0.6914,55.43,32,3.4852,0,0
4.477,0.0722,53.98,32,3.4852,0,0
4.72,0.2427,58.01,32,3.4852,0,0
5.3,0.5802,44.96,32,3.4852,0,0
4.633,-0.6667,53.03,32,3.4852,0,0
4.895,0.2619,49.15,32,3.4852,0,0
5.509,0.6138,46.26,32,3.4852,0,0
5.037,-0.4724,54.77,32,3.4852,0,0
5.324,0.2871,49.2,32,3.4852,0,0
4.884,-0.4392,41.31,32,3.4852,0,0
4.578,-0.3069,51.59,32,3.4852,0,0
4.945,0.3673,50.37,32,3.4852,0,0
5.416,0.4709,44.06,32,3.4852,0,0
4.906,-0.5102,50.94,32,3.4852,0,0
5.363,0.4579,51.45,32,3.4852,0,0
5.718,0.3543,42.51,32,3.4852,0,0
4.997,-0.7208,51.83,32,3.4852,0,0
4.634,-0.3627,51.5,32,3.4852,0,0
4.557,-0.0768,53.45,32,3.4852,0,0
5.423,0.8658,51.36,32,3.4852,0,0
4.259,-1.1643,45.17,32,3.4852,0,0
5.226,0.967,50.11,32,3.4852,0,0
3.922,-1.3035,56.21,32,3.4852,0,0
5.055,1.1323,45.9,32,3.4852,0,0
5.398,0.3433,46.61,32,3.4852,0,0
4.725,-0.6734,51.79,32,3.4852,0,0
5.712,0.9878,58.12,32,3.4852,0,0
5.144,-0.5685,52.31,32,3.4852,0,0
5.317,0.1727,43.72,32,3.4852,0,0
5.258,-0.0589,46.33,32,3.4852,0,0
5.127,-0.1303,48.86,32,3.4852,0,0
5.2,0.0731,50.59,32,3.4852,0,0
3.771,-1.4297,50.89,32,3.4852,0,0
5.257,1.4861,52.23,32,3.4852,0,0
4.959,-0.2979,58.21,32,3.4852,0,0
5.125,0.1656,52.19,32,3.4852,0,0
5.418,0.2932,51.81,32,3.4852,0,0
4.641,-0.777,37.81,32,3.4852,0,0
4.809,0.1684,53.8,32,3.4852,0,0
4.859,0.0496,54.01,32,3.4852,0,0
5.059,0.2007,56.44,32,3.4852,0,0
4.882,-0.1776,52.34,32,3.4852,0,0
5.202,0.3204,57.51,32,3.4852,0,0
4.317,-0.885,47.71,32,3.4852,0,0
5.339,1.0221,57.73,32,3.4852,0,0
5.096,-0.2434,48.54,32,3.4852,0,0
5.303,0.2068,54.34,32,3.4852,0,0
4.856,-0.4467,51.65,32,3.4852,0,0
5.472,0.6161,59.45,32,3.4852,0,0
5.297,-0.1752,50.22,32,3.4852,0,0
5.223,-0.0741,49.42,32,3.4852,0,0
5.076,-0.1471,44.71,32,3.4852,0,0
5.519,0.443,44.3,32,3.4852,0,0
4.827,-0.6917,50.49,32,3.4852,0,0
5.796,0.9692,47.89,32,3.4852,0,0
4.734,-1.0628,47.25,32,3.4852,0,0
5.664,0.93,35.94,32,3.4852,0,0
4.599,-1.0647,63.66,32,3.4852,0,0
5.236,0.6374,44.47,32,3.4852,0,0
4.983,-0.2531,50.34,32,3.4852,0,0
5.338,0.3552,59.2,32,3.4852,0,0
5.155,-0.183,47.3,32,3.4852,0,0
5.315,0.1594,46.51,32,3.4852,0,0
4.587,-0.7282,41.2,32,3.4852,0,0
4.374,-0.2127,45.52,32,3.4852,0,0
4.529,0.1549,51.57,32,3.4852,0,0
4.52,-0.0086,34.28,32,3.4852,0,0
4.582,0.0622,47.64,32,3.4852,0,0
4.758,0.1754,57.6,32,3.4852,0,0
4.755,-0.0032,54.4,32,3.4852,0,0
4.992,0.2378,49.79,32,3.4852,0,1
4.666,-0.3266,49.71,32,3.4852,0,1
4.694,0.0281,50.85,32,3.4852,0,1
5.0,0.306,69.31,32,3.4852,0,1
5.899,0.8987,66.79,32,3.4852,0,1
7.343,1.4448,66.33,32,3.4852,0,1
8.705,1.3614,75.4,32,3.4852,0,0
8.817,0.1127,77.31,33,3.5737,0,0
9.963,1.1458,83.12,34,3.6635,0,0
8.841,-1.1225,71.39,35,3.7671,0,0
9.034,0.1937,72.91,36,3.8572,0,0
7.792,-1.2422,74.29,37,3.9496,0,0
7.629,-0.163,65.43,37,3.9496,0,0
7.385,-0.2446,68.26,37,3.9496,0,0
6.763,-0.6218,67.75,37,3.9496,0,0
7.229,0.4658,70.83,37,3.9496,0,0
6.68,-0.5487,73.76,37,3.9496,0,0
5.854,-0.8261,71.27,37,3.9496,0,0
6.837,0.9828,71.44,37,3.9496,0,0
5.003,-1.8334,53.96,37,3.9496,0,0
4.804,-0.1991,40.94,37,3.9496,0,0
5.107,0.3033,53.63,37,3.9496,0,0
5.23,0.1228,52.11,37,3.9496,0,0
4.861,-0.3696,45.97,37,3.9496,0,0
5.221,0.3601,52.13,37,3.9496,0,0
4.776,-0.4451,55.55,37,3.9496,0,0
4.647,-0.1288,47.08,37,3.9496,0,0
5.655,1.0077,54.34,37,3.9496,0,0
4.857,-0.7978,51.44,37,3.9496,0,0
5.062,0.2051,36.27,37,3.9496,0,0
4.637,-0.4245,49.75,37,3.9496,0,0
4.857,0.2199,51.24,37,3.9496,0,0
5.452,0.5944,48.39,37,3.9496,0,0
4.577,-0.8749,51.62,37,3.9496,0,0
4.869,0.2924,49.22,37,3.9496,0,0
4.883,0.0139,61.21,37,3.9496,0,0
4.104,-0.7796,48.06,37,3.9496,0,0
4.999,0.8948,46.09,37,3.9496,0,0
5.36,0.3614,54.07,37,3.9496,0,0
4.981,-0.379,48.65,37,3.9496,0,0
4.955,-0.0257,49.48,37,3.9496,0,0
4.969,0.0134,49.06,37,3.9496,0,0
5.101,0.1323,53.77,37,3.9496,0,0
4.508,-0.5931,44.75,37,3.9496,0,0
5.1,0.5922,52.53,37,3.9496,0,0
4.428,-0.6719,58.92,37,3.9496,0,0
4.756,0.3283,50.84,37,3.9496,0,0
5.342,0.5853,45.07,37,3.9496,0,0
4.781,-0.5603,50.9,37,3.9496,0,0
6.143,1.3615,51.51,37,3.9496,0,0
5.643,-0.5004,56.03,37,3.9496,0,0
5.147,-0.4953,45.05,37,3.9496,0,0
5.424,0.2767,42.51,37,3.9496,0,0
5.64,0.2164,51.0,37,3.9496,0,0
3.94,-1.7004,48.3,37,3.9496,0,0
5.262,1.3217,48.81,37,3.9496,0,0
5.286,0.0244,45.75,37,3.9496,0,0
4.478,-0.8084,49.64,37,3.9496,0,0
5.013,0.535,48.26,37,3.9496,0,0
5.491,0.4783,45.75,37,3.9496,0,0
5.125,-0.3657,50.34,37,3.9496,0,0
4.377,-0.748,43.4,37,3.9496,0,0
5.005,0.6275,59.91,37,3.9496,0,0
5.232,0.2269,41.37,37,3.9496,0,0
5.293,0.0615,49.52,37,3.9496,0,0
5.457,0.1633,45.6,37,3.9496,0,0
5.14,-0.3164,54.23,37,3.9496,0,0
4.821,-0.3191,47.87,37,3.9496,0,0
5.01,0.1891,52.71,37,3.9496,0,0
4.994,-0.0158,54.87,37,3.9496,0,0
4.815,-0.179,43.36,37,3.9496,0,0
5.791,0.9756,46.98,37,3.9496,0,0
4.773,-1.0182,49.67,37,3.9496,0,0
5.027,0.2542,48.07,37,3.9496,0,0
4.993,-0.0338,49.8,37,3.9496,0,0
5.07,0.0769,38.21,37,3.9496,0,0
5.752,0.6824,49.26,37,3.9496,0,0
5.232,-0.5201,43.11,37,3.9496,0,0
4.812,-0.4206,46.64,37,3.9496,0,0
5.588,0.7763,47.07,37,3.9496,0,0
5.303,-0.2847,46.75,37,3.9496,0,0
4.819,-0.4843,48.77,37,3.9496,0,0
5.514,0.6946,40.55,37,3.9496,0,0
4.474,-1.0398,40.26,37,3.9496,0,0
4.565,0.0913,45.94,37,3.9496,0,0
4.354,-0.2108,46.33,37,3.9496,0,0
4.194,-0.1601,44.91,37,3.9496,0,0
