temp,humidity,temp_delta,unsafe_mins
5.188,47.2,0.1881,0
5.569,53.74,0.3814,0
5.493,58.52,-0.076,0
6.608,59.51,1.1148,0
6.472,56.48,-0.1367,0
6.755,54.8,0.2839,0
7.801,59.89,1.0455,0
8.577,53.59,0.7764,0
8.407,56.65,-0.1708,1
9.665,53.37,1.2587,2
8.652,57.46,-1.0134,3
8.798,51.64,0.1464,4
9.411,57.97,0.6126,5
11.372,57.17,1.9611,6
12.159,55.47,0.7874,7
10.756,55.89,-1.4038,8
10.613,56.16,-0.1424,9
12.634,53.72,2.021,10
12.337,53.9,-0.2968,11
11.071,58.87,-1.2665,12
13.759,55.65,2.6884,13
14.349,58.17,0.5893,14
11.677,58.43,-2.6715,15
13.994,50.47,2.3169,16
12.649,55.57,-1.3447,17
16.552,55.63,3.9023,18
17.056,56.83,0.5046,19
4.855,48.09,-12.2014,20
4.522,52.43,-0.3331,20
4.812,50.06,0.2906,20
5.192,52.23,0.3801,20
5.266,49.51,0.0739,20
4.831,49.6,-0.4355,20
4.325,42.76,-0.5056,20
4.471,45.01,0.1459,20
5.16,45.47,0.689,20
4.849,56.5,-0.3112,20
4.857,53.69,0.0088,20
4.627,48.97,-0.2309,20
4.62,48.3,-0.0066,20
5.336,41.36,0.7161,20
5.174,51.19,-0.1624,20
4.762,42.77,-0.4114,20
5.029,47.35,0.2665,20
5.093,50.11,0.0642,20
5.641,48.8,0.5476,20
4.591,50.9,-1.0501,20
5.088,56.8,0.4974,20
5.334,51.78,0.246,20
5.585,44.06,0.2513,20
4.744,45.37,-0.8412,20
4.844,43.12,0.1,20
5.0,73.88,0.1559,20
5.927,89.48,0.9267,20
7.922,59.21,1.9956,20
8.126,69.51,0.2033,20
8.998,78.4,0.8728,21
9.537,65.79,0.5384,22
7.664,71.68,-1.8724,23
9.376,77.9,1.712,23
9.327,66.21,-0.0492,24
7.332,67.07,-1.9947,25
8.046,77.59,0.7134,25
6.506,71.76,-1.5397,26
6.63,69.27,0.1236,26
6.605,73.04,-0.0244,26
7.025,71.29,0.42,26
6.171,73.32,-0.8545,26
5.762,74.57,-0.4092,26
5.809,64.65,0.0475,26
4.985,82.34,-0.824,26
4.847,57.31,-0.1384,26
4.557,45.53,-0.2895,26
5.257,48.03,0.7001,26
4.998,49.18,-0.2594,26
5.135,57.04,0.1371,26
5.036,53.22,-0.0988,26
4.18,49.76,-0.8563,26
4.663,43.91,0.4828,26
4.649,48.33,-0.014,26
5.366,43.37,0.7176,26
5.012,47.58,-0.3541,26
4.869,55.01,-0.1433,26
5.215,56.69,0.3463,26
4.938,46.52,-0.277,26
4.91,51.21,-0.0277,26
5.071,44.58,0.1602,26
5.036,51.14,-0.0344,26
6.007,59.38,0.9708,26
5.0,72.0,-17.9609,30
6.407,71.42,1.407,30
7.749,74.32,1.342,30
7.717,73.57,-0.0316,30
8.754,73.58,1.0368,30
10.812,77.56,2.0579,31
8.656,69.17,-2.1561,32
9.37,70.25,0.7144,33
7.48,72.92,-1.89,34
8.345,70.58,0.8644,34
6.97,69.77,-1.3743,35
6.245,82.36,-0.7255,35
6.587,70.03,0.3424,35
5.95,69.99,-0.637,35
7.091,82.39,1.1403,35
6.021,82.46,-1.0701,35
5.596,70.22,-0.4242,35
5.423,77.94,-0.1736,35
5.403,70.86,-0.0195,35
5.865,82.92,0.4619,35
5.181,71.6,-0.6838,35
5.222,81.07,0.0405,35
5.829,65.92,0.6073,35
5.266,67.97,-0.5632,35
4.862,78.93,-0.4036,35
4.929,73.83,0.0667,35
5.348,81.7,0.4193,35
5.0,62.51,-0.3483,35
5.93,77.08,0.9298,35
8.624,78.41,2.6941,35
8.448,73.62,-0.1763,36
9.41,71.08,0.9629,37
8.163,65.65,-1.2479,38
8.173,67.54,0.0106,39
9.286,77.07,1.1127,40
7.972,77.14,-1.3144,41
7.513,85.97,-0.4588,41
6.457,81.63,-1.0557,41
6.5,79.86,0.0429,41
6.731,62.39,0.2307,41
5.963,75.15,-0.7678,41
5.828,58.14,-0.1345,41
6.276,74.76,0.4474,41
5.98,68.03,-0.296,41
5.3,73.38,-0.6794,41
5.027,70.92,-0.2737,41
5.381,69.64,0.354,41
5.095,71.29,-0.2862,41
5.244,64.22,0.1491,41
5.274,67.93,0.0305,41
5.726,73.19,0.452,41
5.468,71.59,-0.2585,41
5.006,80.12,-0.4618,41
5.0,66.67,-0.0059,41
5.835,82.32,0.8354,41
7.012,65.76,1.1762,41
8.606,61.01,1.5943,41
8.146,68.8,-0.4596,42
9.706,74.57,1.5597,43
9.135,74.17,-0.5708,44
9.115,63.14,-0.0197,45
7.577,78.69,-1.5379,46
6.955,74.09,-0.6225,46
6.788,72.42,-0.1669,46
5.914,66.93,-0.8738,46
6.457,73.88,0.5426,46
6.66,59.56,0.2032,46
6.316,70.24,-0.3442,46
5.51,66.23,-0.8062,46
4.837,48.58,-0.6723,46
5.074,53.1,0.237,46
4.864,55.32,-0.2098,46
4.543,50.03,-0.3211,46
6.039,51.12,1.4958,46
5.573,50.46,-0.4658,46
5.232,49.72,-0.341,46
4.932,46.1,-0.3005,46
5.172,45.74,0.2403,46
5.266,55.43,0.0941,46
5.147,48.57,-0.1196,46
5.182,48.46,0.035,46
5.374,40.84,0.1926,46
4.866,40.05,-0.5085,46
4.402,56.82,-0.4638,46
5.358,46.4,0.9561,46
4.399,35.18,-0.9591,46
4.783,62.1,0.3836,46
5.174,47.2,0.3914,46
5.186,42.2,0.0121,46
4.966,53.95,-0.2205,46
5.138,53.34,0.1723,46
4.725,54.49,-0.4132,46
5.652,45.15,0.9269,46
4.645,56.68,-1.0067,46
4.923,57.02,0.2785,46
4.823,57.28,-0.1005,46
5.053,51.29,0.2296,46
5.626,48.19,0.5733,46
4.624,47.76,-1.0023,46
5.181,42.17,0.5574,46
5.255,47.31,0.0741,46
5.459,38.03,0.2041,46
4.685,41.57,-0.7738,46
4.67,51.24,-0.0159,46
4.928,48.73,0.2588,46
4.936,51.02,0.008,46
4.597,53.53,-0.3397,46
5.265,51.93,0.6685,46
5.223,51.48,-0.0425,46
5.814,49.56,0.5914,46
4.877,46.23,-0.9369,46
4.587,43.78,-0.2901,46
4.644,49.65,0.0574,46
5.134,50.26,0.4892,46
4.694,54.5,-0.4399,46
5.296,49.2,0.602,46
4.739,52.74,-0.5569,46
5.075,42.76,0.3364,46
4.973,51.31,-0.1024,46
4.64,50.95,-0.3327,46
4.418,56.68,-0.2221,46
5.499,48.74,1.0811,46
5.145,37.95,-0.3538,46
4.537,48.53,-0.6079,46
4.571,53.57,0.0337,46
5.799,44.12,1.2278,46
4.665,51.18,-1.1339,46
5.51,53.38,0.5103,51
5.385,53.86,-0.1244,51
5.821,57.32,0.4351,51
5.858,57.8,0.037,51
7.233,53.65,1.3756,51
6.794,48.08,-0.4391,51
7.31,62.39,0.5164,51
7.669,50.59,0.3583,51
7.868,51.52,0.1991,51
9.37,53.7,1.5024,51
10.395,51.39,1.0243,52
9.066,48.18,-1.3283,53
9.672,52.91,0.6063,54
11.47,56.09,1.7971,55
9.984,58.34,-1.485,56
10.559,56.68,0.575,57
12.935,58.27,2.3751,58
12.374,52.91,-0.5601,59
13.966,53.26,1.5913,60
11.738,60.99,-2.2279,61
14.18,56.26,2.4419,62
13.764,45.99,-0.4161,63
12.01,45.72,-1.7535,64
12.094,54.2,0.0837,65
14.026,50.88,1.9326,66
15.113,51.1,1.0866,67
14.257,54.11,-0.8556,68
5.281,44.82,-8.9767,69
4.995,48.95,-0.2855,69
4.514,42.18,-0.4815,69
5.274,48.25,0.7607,69
4.591,49.52,-0.6832,69
5.451,38.6,0.8601,69
4.401,45.39,-1.0499,69
5.584,51.41,1.1831,69
5.307,44.3,-0.2775,69
4.552,52.24,-0.7547,69
5.023,52.74,0.4711,69
4.925,51.39,-0.0984,69
5.063,53.89,0.1383,69
5.323,41.9,0.2596,69
4.101,55.01,-1.2217,69
5.475,44.9,1.374,69
4.256,50.5,-1.219,69
5.372,58.99,1.1163,69
4.851,45.53,-0.521,69
5.005,48.5,0.1533,69
4.594,60.24,-0.4106,69
5.714,55.68,1.1201,69
4.632,54.28,-1.0824,69
5.256,52.21,0.6242,69
5.5,53.18,0.244,69
5.296,53.18,-0.2039,69
5.136,41.08,-0.1597,69
5.033,47.22,-0.1029,69
4.488,58.41,-0.5454,69
5.692,56.8,1.2035,69
5.102,56.75,-0.5895,69
5.005,51.01,-0.0973,69
4.563,51.98,-0.4422,69
4.98,49.6,0.4169,69
5.719,54.47,0.7395,69
5.005,51.24,-0.7144,69
5.018,48.99,0.0131,69
4.567,49.24,-0.4507,69
4.702,43.75,0.1345,69
5.204,51.96,0.5029,69
4.285,49.39,-0.9192,69
5.398,55.3,1.113,69
5.41,50.19,0.0121,69
4.662,44.58,-0.7484,69
5.138,51.9,0.4759,69
5.515,55.5,0.3771,69
4.947,43.78,-0.5678,69
4.872,51.09,-0.0748,69
4.919,47.11,0.0468,69
5.101,47.48,0.182,69
4.749,51.56,-0.3524,69
5.098,51.37,0.3489,69
4.544,47.59,-0.5534,69
5.575,44.19,1.0309,69
4.153,40.69,-1.4218,69
5.012,50.15,0.8583,69
4.953,56.07,-0.0587,69
3.931,51.98,-1.0221,69
5.625,44.36,1.6937,69
4.848,46.24,-0.7765,69
4.642,48.37,-0.2058,69
5.571,59.19,0.9287,69
4.866,59.53,-0.7054,69
5.014,58.77,0.1486,69
4.963,50.66,-0.0516,69
5.146,65.89,0.1835,69
5.341,46.46,0.1943,69
5.388,48.19,0.0471,69
4.804,54.54,-0.5835,69
5.012,51.39,0.2083,69
5.006,51.68,-0.0068,69
5.17,40.32,0.1644,69
5.267,45.09,0.0966,69
4.423,49.71,-0.8435,69
5.034,46.53,0.6105,69
5.332,43.29,0.2988,69
4.837,47.08,-0.4952,69
4.981,51.39,0.1441,69
4.597,53.62,-0.3845,69
5.025,40.54,0.4284,69
4.217,49.94,-0.8086,69
4.912,49.48,0.695,69
4.989,51.13,0.0772,69
5.379,44.44,0.3903,69
4.531,44.53,-0.8478,69
5.116,56.22,0.5844,69
4.827,37.49,-0.2881,69
4.318,45.83,-0.5091,69
4.777,47.96,0.4585,69
5.015,48.44,0.2385,69
5.096,48.86,0.0803,69
5.422,54.41,0.3259,69
5.579,63.24,0.1572,69
6.317,55.28,0.7377,69
6.896,56.59,0.5794,69
6.938,58.95,0.0418,69
8.364,57.12,1.4264,69
7.159,53.73,-1.2057,70
9.304,52.71,2.1453,70
9.241,54.32,-0.0627,71
9.295,55.3,0.0538,72
8.735,59.66,-0.5597,73
11.522,57.36,2.7863,74
9.558,58.76,-1.964,75
9.659,58.55,0.1012,76
12.021,56.16,2.3619,77
11.995,43.28,-0.0258,78
12.848,48.11,0.8534,79
11.183,50.35,-1.6647,80
11.212,53.06,0.0287,81
14.113,56.63,2.901,82
12.439,50.99,-1.6742,83
15.107,49.54,2.6685,84
4.703,54.62,-10.4043,85
5.014,48.59,0.3107,85
4.958,51.12,-0.0563,85
5.247,45.0,0.2892,85
4.583,55.52,-0.6634,85
4.835,42.92,0.2517,85
5.178,52.32,0.3425,85
4.388,51.15,-0.7898,85
5.294,51.87,0.9065,85
5.253,42.98,-0.0414,85
5.132,48.49,-0.1204,85
4.807,54.35,-0.3255,85
5.592,58.97,0.7848,85
5.526,49.45,-0.0658,85
5.141,53.83,-0.3848,85
5.048,50.65,-0.0926,85
5.33,49.7,0.281,85
4.708,47.93,-0.6212,85
5.136,53.35,0.1361,0
4.85,53.78,-0.286,0
5.152,43.83,0.3015,0
5.577,47.5,0.4254,0
4.338,44.77,-1.239,0
4.592,50.26,0.2536,0
4.89,48.32,0.2989,0
5.248,51.7,0.3574,0
5.126,52.05,-0.1215,0
5.246,39.46,0.12,0
4.854,39.1,-0.3922,0
5.014,49.98,0.1602,0
5.418,55.94,0.4038,0
5.081,47.5,-0.3371,0
5.194,47.36,0.113,0
4.999,54.93,-0.1946,0
4.777,54.03,-0.2226,0
5.271,45.23,0.4941,0
5.39,53.49,0.1186,0
5.041,46.19,-0.3488,0
4.656,47.31,-0.3845,0
4.363,45.44,-31.5752,3
5.091,56.6,0.7278,3
6.124,47.07,1.033,3
5.574,51.22,-0.5496,3
4.94,52.16,-0.6346,3
5.025,50.55,0.0853,3
4.837,43.01,-0.1881,3
4.383,53.27,-0.4541,3
4.889,47.02,0.5068,3
5.003,53.97,0.1141,3
5.072,46.72,0.0687,3
5.491,57.9,0.4184,3
5.198,54.87,-0.2927,3
5.497,55.65,0.299,3
5.246,52.99,-0.2511,3
5.208,44.51,-0.0378,3
5.28,43.22,0.0724,3
4.682,56.52,-0.5981,3
4.891,44.24,0.2092,3
4.904,50.51,0.0125,3
5.032,55.67,0.1278,3
4.855,51.76,-0.1761,3
4.605,52.25,-0.2509,3
5.001,46.25,0.3967,3
4.906,49.08,-0.0956,3
4.892,58.86,-0.0137,3
4.961,48.78,0.0687,3
4.161,45.53,-0.7996,3
4.895,46.57,0.7338,3
5.553,49.18,0.6579,3
5.515,50.31,-0.0373,3
5.015,49.56,-0.5005,3
5.002,58.59,-0.0134,3
4.072,39.99,-0.9294,3
4.783,50.07,0.7106,3
5.276,52.37,0.4933,3
4.846,55.1,-0.4297,3
5.412,50.92,0.5658,3
4.944,57.66,-33.1576,10
5.403,48.72,0.4594,10
5.3,59.67,-0.103,10
5.784,43.86,0.4841,10
4.629,57.42,-1.1548,10
4.577,43.39,-0.0527,10
4.806,52.1,0.2288,10
4.959,46.75,0.1535,10
4.73,46.44,-0.2287,10
4.648,61.41,-0.0821,10
5.119,54.43,0.4708,10
4.804,49.07,-0.3146,10
4.715,36.74,-0.0898,10
4.449,40.95,-0.2658,10
4.1,44.02,-0.3487,10
5.53,49.78,1.4299,10
5.516,52.05,-0.0138,10
5.313,45.5,-0.2032,10
5.21,53.64,-0.1034,10
4.769,52.8,-0.4402,10
4.763,55.35,-0.0062,10
5.241,55.11,0.4777,10
5.884,61.21,0.6433,10
6.349,61.73,0.4652,10
6.818,55.27,0.4683,10
7.297,54.31,0.4793,10
7.487,61.07,0.1904,10
7.969,52.1,0.4812,10
8.196,54.85,0.2278,10
7.816,59.0,-0.3798,11
9.132,53.21,1.3154,11
10.355,51.66,1.2227,12
11.513,57.37,1.1579,13
9.361,53.5,-2.1518,14
12.309,55.09,2.9482,15
9.969,56.45,-2.3404,16
10.145,46.32,0.1763,17
12.369,55.24,2.2241,18
13.675,54.91,1.3057,19
12.637,55.68,-1.0378,20
11.724,46.48,-0.9129,21
14.286,48.7,2.5616,22
16.075,51.14,1.7889,23
16.532,57.46,0.4579,24
15.04,45.08,-1.4921,25
16.542,43.89,1.5013,26
15.279,58.22,-1.2631,27
18.835,57.26,3.5569,28
19.48,56.5,0.6444,29
17.3,51.96,-2.18,30
5.0,73.37,-12.2997,31
5.931,62.47,0.9309,31
6.925,60.73,0.9937,31
7.807,73.62,0.882,31
10.522,74.81,2.7159,31
10.129,70.72,-0.3933,32
8.088,74.63,-2.0408,33
8.595,85.86,0.507,34
6.987,77.5,-1.608,35
7.456,75.37,0.4684,35
7.378,76.33,-0.0774,35
7.186,69.74,-0.1928,35
7.471,70.48,0.2852,35
6.04,61.6,-1.431,35
5.9,74.26,-0.1399,35
5.56,79.47,-0.3403,35
6.373,76.97,0.8134,35
5.073,57.22,-1.3002,35
5.494,60.89,0.4212,35
5.379,53.73,-0.1151,35
5.839,55.38,0.4603,35
6.072,56.35,0.2331,35
6.923,60.91,0.8508,35
6.945,47.52,0.022,35
8.928,54.27,1.9829,35
8.99,59.73,0.0623,36
7.77,53.03,-1.2207,37
8.627,56.02,0.857,37
9.776,57.05,1.1488,38
11.448,48.73,1.6721,39
12.257,51.59,0.8096,40
10.19,58.88,-2.0675,41
10.875,54.16,0.6854,42
10.811,55.73,-0.0637,43
13.125,58.68,2.313,44
13.798,53.92,0.6732,45
11.419,48.46,-2.3788,46
13.581,53.24,2.1622,47
16.273,59.48,2.6923,48
13.992,49.44,-2.2815,49
4.942,51.45,-9.0494,50
5.93,57.58,0.9879,50
4.877,47.03,-1.0529,50
4.87,52.55,-0.0076,50
4.958,48.02,0.0881,50
5.587,49.43,0.629,50
5.92,50.45,0.333,50
5.714,51.79,-0.2057,50
5.385,46.38,-0.3289,50
4.658,52.3,-0.7267,50
5.395,50.2,0.7369,50
4.485,43.2,-0.91,50
4.429,41.16,-0.0563,50
5.044,55.63,0.6146,50
4.995,38.7,-0.0492,50
4.924,49.19,-0.0709,50
5.838,42.71,0.9147,50
4.844,58.53,-0.9947,50
5.18,52.82,0.3363,50
5.046,51.65,-0.1342,50
5.311,45.95,0.2652,50
5.351,43.13,0.0402,50
5.131,50.89,-0.2199,50
4.753,49.89,-0.3779,50
4.751,44.64,-0.0025,50
4.859,44.48,0.1076,50
5.129,44.25,0.2706,50
5.285,44.09,0.1557,50
4.773,46.88,-0.5113,50
5.53,51.65,0.7566,50
4.915,52.49,-0.6148,50
4.157,49.78,-0.7582,50
5.799,50.66,1.6419,50
5.027,52.74,-0.7718,50
5.358,40.01,0.3311,50
4.327,51.05,-1.0312,50
4.714,56.56,0.387,50
4.874,40.33,0.1599,50
4.749,46.36,-18.2944,52
5.309,54.05,0.56,52
4.942,48.04,-0.3669,52
5.056,45.92,0.1143,52
4.541,45.3,-0.5147,52
4.746,44.18,0.2048,52
5.065,53.65,0.3187,52
4.365,50.13,-0.6997,52
4.912,51.71,0.5469,52
4.995,42.73,0.0828,52
4.495,50.15,-0.4998,52
5.412,38.93,0.9165,52
5.138,55.95,-0.2732,52
4.939,52.75,-0.1995,52
4.719,49.4,-0.22,52
4.352,38.28,-0.3671,52
4.606,47.72,0.2544,52
4.445,42.95,-0.1606,52
4.93,46.35,0.485,52
5.151,52.26,0.2207,52
5.128,51.19,-0.0228,52
5.631,44.66,0.5028,52
4.978,55.66,-0.6531,52
5.506,42.89,0.5278,52
4.875,56.79,-0.6308,52
5.203,50.98,0.3282,52
4.913,48.08,-0.2903,52
5.115,48.74,0.2024,52
4.983,50.39,-0.1323,52
4.729,52.66,-0.2542,52
6.166,41.12,1.4369,52
5.13,46.2,-1.0361,52
5.231,50.23,0.1014,52
5.305,55.88,0.0738,52
5.077,55.66,-0.2278,52
4.062,57.95,-1.0147,52
5.15,55.39,1.0877,52
4.512,45.85,-0.638,52
5.058,49.91,0.5463,52
5.113,55.42,0.0549,52
4.294,54.87,-0.8193,52
5.003,48.98,0.7094,52
4.412,52.52,-0.5918,52
4.034,53.24,-0.3772,52
4.403,50.27,0.3688,52
4.952,55.85,0.5492,52
4.929,46.53,-0.0238,52
4.797,56.36,-0.1312,52
5.215,48.07,0.4172,52
4.905,42.16,-0.3091,52
5.155,41.2,0.25,52
5.0,71.38,-0.1554,52
6.171,67.82,1.1712,52
6.812,73.69,0.6412,52
8.282,62.41,1.4693,52
10.709,70.64,2.4271,53
8.186,74.19,-2.5225,54
9.591,63.0,1.405,55
8.006,79.37,-1.5857,56
7.108,68.77,-0.8974,57
7.051,77.24,-0.0568,57
6.45,71.07,-0.6019,57
7.221,73.07,0.7713,57
6.644,69.21,-0.5764,57
6.485,73.22,-0.1599,57
6.298,72.85,-0.1869,57
6.925,83.42,0.6272,57
5.347,78.15,-1.5779,57
6.339,58.35,0.9917,57
5.425,65.92,-0.9135,57
5.763,68.83,0.3381,57
5.178,78.28,-0.585,57
5.039,83.54,-0.1394,57
4.742,66.36,-0.2968,57
4.771,72.23,0.0293,57
5.077,70.71,0.3058,57
5.013,77.49,-0.0646,57
4.691,67.08,-0.3219,57
4.845,57.39,0.1539,57
5.203,43.44,0.3581,57
5.268,46.13,0.0659,57
4.769,51.57,-0.4993,57
4.803,54.46,0.0341,57
4.69,46.91,-0.1131,57
4.737,47.17,0.0473,57
5.44,53.14,0.7022,57
5.684,61.34,0.2443,57
4.588,50.35,-1.0963,57
4.53,46.11,-0.0582,57
4.748,44.71,0.2184,57
4.579,49.28,-0.1687,57
4.513,54.21,-0.0659,57
4.633,64.05,0.1196,57
4.819,50.36,0.1865,57
4.482,58.53,-0.3376,57
5.448,51.48,0.9659,57
4.461,51.05,-0.9865,57
5.0,57.38,0.5387,57
6.451,79.28,1.4511,57
7.953,73.81,1.5017,57
8.032,71.95,0.079,57
8.983,60.89,0.9512,58
8.58,71.11,-0.4026,59
9.825,71.76,1.2446,60
7.535,69.54,-2.2896,61
7.919,74.86,0.3837,61
6.817,77.76,-1.1023,61
8.566,73.64,1.7491,61
6.579,69.23,-1.9871,62
6.181,74.9,-0.3978,62
7.015,76.62,0.8343,62
6.096,66.72,-0.9187,62
6.303,81.35,0.2062,62
6.742,76.48,0.439,62
5.272,74.49,-1.4692,62
5.199,73.32,-0.0738,62
5.62,66.6,0.4217,62
5.468,77.27,-0.1527,62
5.752,59.77,0.284,62
5.705,69.69,-0.0466,62
4.777,73.39,-0.9278,62
5.074,74.85,0.2969,62
5.193,78.26,0.1194,62
4.873,75.93,-0.3201,62
4.859,78.14,-0.0139,62
4.706,70.75,-0.1533,62
5.0,59.06,7.2335,65
5.902,62.69,0.9016,65
8.023,65.55,2.1216,65
10.814,75.62,2.791,66
8.069,65.03,-2.7448,67
8.53,69.18,0.4607,68
9.966,75.06,1.436,69
7.608,79.14,-2.3581,70
8.417,78.15,0.8088,70
7.159,65.44,-1.2578,71
7.445,78.77,0.2864,71
7.273,68.5,-0.1721,71
6.012,76.39,-1.2612,71
6.349,66.82,0.3374,71
5.802,81.63,-0.5474,71
4.535,46.61,-1.2668,71
4.679,43.63,0.1441,71
5.038,43.86,0.3586,71
4.128,48.1,-0.9101,71
4.279,46.24,0.151,71
4.636,45.64,0.3575,71
5.8,50.28,1.164,71
5.098,41.12,-0.7022,71
4.738,51.08,-0.3597,71
4.59,54.54,-0.1482,71
4.519,48.57,-0.0713,71
4.766,50.82,0.2467,71
4.744,48.65,-0.0218,71
4.906,46.33,0.1617,71
5.194,51.19,0.2885,71
4.965,47.85,-0.2295,71
5.319,48.82,0.3541,71
4.877,50.52,-0.4413,71
5.679,43.3,0.8013,71
5.308,40.53,-0.3707,71
5.195,50.85,-0.1125,71
4.776,50.16,-0.4196,71
4.899,46.07,0.1234,71
4.884,50.99,-0.0151,71
4.693,45.97,-0.1909,71
4.456,51.95,-0.2372,71
5.218,51.16,0.7622,71
5.386,50.44,0.1679,71
5.157,51.52,-0.2293,71
4.963,47.35,-0.1934,71
5.886,47.74,0.9223,71
5.174,51.26,0.1736,0
4.438,55.61,-0.7355,0
4.962,44.45,0.5242,0
5.476,53.13,0.5132,0
4.494,58.89,-0.9813,0
5.264,49.95,0.7693,0
5.636,50.8,0.3726,0
4.989,46.7,-0.6473,0
5.233,52.38,0.244,0
5.006,46.05,-0.2269,0
5.052,49.65,0.0461,0
4.467,42.64,-0.5854,0
5.226,36.99,0.7595,0
5.082,47.61,-0.1439,0
5.523,47.53,0.4411,0
5.264,48.02,-0.2595,0
5.045,53.68,-0.2183,0
4.815,54.98,-0.2305,0
4.603,51.47,-0.2125,0
5.369,53.3,0.7665,0
5.767,46.18,0.3975,0
5.264,52.49,-0.5024,0
5.041,44.39,-0.2233,0
5.307,43.88,0.2658,0
5.464,64.29,0.1568,0
5.147,52.92,-0.317,0
4.803,40.95,-0.3437,0
4.759,44.54,-0.0439,0
4.421,58.61,-0.3377,0
5.109,51.9,0.6879,0
4.876,49.14,-0.2328,0
5.386,49.84,0.5094,0
5.212,49.02,-0.1735,0
4.863,42.97,-0.3491,0
4.209,48.69,-0.6542,0
5.023,43.57,0.8137,0
4.986,50.27,-0.0364,0
4.138,45.42,-0.8486,0
5.155,44.23,1.0172,0
5.063,55.11,-0.0914,0
5.311,49.52,0.2474,0
4.813,46.85,-0.498,0
5.187,50.98,0.3743,0
5.252,50.66,0.0646,0
5.328,50.47,0.0757,0
5.314,54.35,-0.0136,0
4.678,40.96,-0.6357,0
5.617,51.28,0.9392,0
4.314,46.43,-1.3032,0
5.309,48.6,0.9945,0
4.795,57.0,-0.5136,0
4.581,46.01,-0.2141,0
5.085,51.95,0.5035,0
5.199,54.56,0.114,0
5.079,52.45,-0.1191,0
4.896,50.31,-0.1831,0
5.043,51.08,0.1467,0
5.309,52.78,0.266,0
5.018,45.95,-0.2913,0
5.027,49.86,0.0094,0
5.077,61.03,0.0502,0
4.79,52.11,-0.2868,0
5.427,50.49,0.6369,0
5.935,48.11,0.5078,0
5.13,46.01,-0.8055,0
4.859,51.24,-0.2702,0
5.339,51.6,0.4791,0
5.504,49.53,0.1651,0
4.867,63.52,-0.6365,0
5.158,46.4,0.2906,0
4.722,45.29,-0.4354,0
5.375,48.18,0.6523,0
5.051,49.68,-0.3237,0
5.293,45.77,0.2417,0
5.0,69.19,14.0598,3
5.884,76.36,0.8842,3
6.826,72.22,0.9416,3
9.465,70.92,2.639,3
9.461,67.12,-0.0041,4
9.835,72.54,0.3741,5
8.697,70.23,-1.1378,6
9.702,75.67,1.0048,7
8.258,77.88,-1.4438,8
6.592,66.8,-1.6658,9
7.201,71.41,0.609,9
7.81,72.56,0.6085,9
7.113,67.24,-0.6969,9
5.877,72.91,-1.2354,9
6.119,73.66,0.2417,9
5.483,64.28,-0.6358,9
5.478,65.74,-0.0049,9
6.519,66.58,1.041,9
5.759,67.16,-0.7601,9
5.248,74.95,-0.5114,9
5.249,67.53,0.0009,9
5.31,65.78,0.0613,9
5.158,57.71,-0.1522,9
4.918,73.99,-0.24,9
5.22,38.11,0.3025,9
4.686,50.69,-0.5343,9
4.922,52.39,0.2359,9
5.316,53.04,0.3937,9
4.914,40.77,-0.4015,9
4.818,52.08,-0.0965,9
4.564,53.16,-0.254,9
5.363,50.63,0.7995,9
3.774,43.61,-1.5889,9
5.754,47.27,1.98,9
4.206,56.18,-1.5481,9
5.005,55.52,0.799,9
5.111,52.29,0.1054,9
5.145,53.49,0.0344,9
5.911,54.86,0.7658,9
4.368,52.23,-1.5431,9
5.457,56.01,1.0887,9
4.829,55.82,-0.6272,9
5.371,62.86,0.5417,9
4.7,47.46,-0.6711,9
4.878,47.55,0.1776,9
4.644,36.19,-0.2336,9
5.148,47.53,0.5038,9
5.774,50.07,0.6264,9
5.516,51.31,-0.2577,9
5.331,51.4,-0.1858,9
5.548,50.28,0.217,9
5.198,51.83,-0.3491,9
4.885,52.02,-0.3138,9
5.894,48.65,1.0091,9
5.168,56.29,-0.726,9
5.456,50.06,0.2883,9
4.047,52.58,-1.4095,9
4.112,57.35,0.0656,9
5.068,55.0,0.9556,9
4.639,42.24,-0.4286,9
5.104,49.83,0.4651,9
4.803,50.42,-0.3009,9
6.107,54.17,1.3036,9
5.42,54.22,-0.6872,9
5.592,49.05,0.172,9
4.178,49.06,-1.4137,9
5.325,45.15,1.1466,9
4.929,46.54,-0.3952,9
5.601,53.75,0.6714,9
5.261,53.11,-0.3402,9
4.985,50.99,-0.2755,9
4.526,39.07,-0.4592,9
5.06,51.62,0.5341,9
5.484,57.86,0.4237,9
5.628,45.01,0.1443,9
6.013,57.4,0.3848,9
5.448,48.06,-0.565,9
4.647,53.94,-0.801,9
4.56,48.81,-0.087,9
4.954,57.96,0.3944,9
4.858,37.8,-0.096,9
5.202,46.5,0.3437,9
5.017,49.57,-0.1847,9
4.891,53.95,-0.1265,9
4.387,47.41,-0.5037,9
5.274,46.93,0.8868,9
4.356,53.34,-0.9171,9
5.449,49.78,1.0928,9
4.216,53.53,-1.2336,9
4.336,51.54,0.1204,9
4.645,44.2,0.309,9
4.823,49.08,0.1782,9
4.742,52.94,-0.0809,9
4.822,54.9,0.0793,9
5.0,75.46,0.1784,9
6.003,73.74,1.0031,9
6.927,68.79,0.9243,9
7.795,61.78,0.8671,9
9.268,80.14,1.4735,9
8.767,75.7,-0.5014,10
9.064,70.32,0.2971,11
7.2,72.61,-1.8632,12
6.899,68.54,-0.3011,12
7.55,62.87,0.6509,12
7.014,72.61,-0.5363,12
7.88,66.1,0.8656,12
5.798,71.22,-2.0819,12
6.867,66.17,1.0697,12
6.448,87.62,-0.4192,12
5.86,76.61,-0.5884,12
6.035,69.58,0.1758,12
6.517,69.54,0.4814,12
5.751,68.37,-0.766,12
4.89,64.44,-0.8609,12
5.187,64.87,0.2974,12
5.106,69.36,-0.0812,12
5.146,72.1,0.0398,12
5.403,52.42,12.5513,17
5.487,54.6,0.0836,17
5.609,51.79,0.1216,17
5.362,48.46,-0.2466,17
4.759,58.53,-0.6027,17
5.086,54.02,0.3271,17
5.049,47.07,-0.037,17
5.004,57.18,-0.0451,17
5.222,41.44,0.2177,17
4.914,58.91,-0.3082,17
4.914,41.0,0.0006,17
5.757,53.41,0.8427,17
4.972,48.14,-0.7852,17
5.433,47.29,0.4609,17
5.459,52.71,0.0264,17
5.098,50.73,-0.3614,17
4.93,55.23,-0.1679,17
4.654,41.89,-0.2761,17
5.246,53.16,0.5919,17
5.192,52.04,-0.0537,17
5.0,69.08,-0.1921,17
5.965,61.59,0.9651,17
8.443,71.35,2.4783,17
9.161,74.33,0.7177,18
8.668,77.04,-0.493,19
10.102,74.15,1.4336,20
10.171,82.09,0.069,21
9.609,73.21,-0.5619,22
7.776,74.82,-1.8329,23
7.026,80.84,-0.7495,23
7.913,74.29,0.8869,23
6.515,79.6,-1.3984,23
6.535,77.81,0.0199,23
7.004,74.76,0.4691,23
6.637,80.46,-0.367,23
6.306,67.0,-0.3306,23
5.946,76.28,-0.3597,23
5.665,79.43,-0.2812,23
5.415,47.28,-0.25,23
5.565,49.56,0.1492,23
5.082,55.89,-0.4826,23
4.641,45.04,-0.4409,23
4.921,54.14,0.2804,23
4.468,41.66,-0.4538,23
5.329,46.99,0.8618,23
4.843,40.72,-0.4864,23
4.728,49.96,-0.1147,23
5.372,46.14,0.6437,23
5.663,46.58,0.2908,23
4.727,57.69,-0.9362,23
5.085,47.24,0.3578,23
4.938,56.77,-0.1466,23
5.586,45.92,0.6485,23
4.983,50.45,-0.6035,23
4.606,49.72,-0.3775,23
5.002,55.7,0.3966,23
5.483,48.35,0.4808,23
4.914,53.32,-0.5686,23
4.766,52.94,-0.1485,23
4.965,45.15,0.1989,23
4.617,57.24,-0.3476,23
4.937,58.2,0.3202,23
4.795,51.46,-0.1429,23
5.398,46.55,14.4672,30
4.406,50.71,-0.9925,30
4.297,48.8,-0.1084,30
5.515,40.45,1.2173,30
4.488,44.84,-1.0265,30
4.975,48.17,0.4865,30
5.56,54.77,0.585,30
5.198,50.73,-0.3615,30
5.157,45.69,-0.0408,30
5.343,44.44,0.1856,30
5.334,55.93,-0.0087,30
5.084,49.12,-0.2498,30
5.16,35.69,0.0758,30
5.121,49.43,-0.0392,30
4.98,53.53,-0.1412,30
4.97,44.3,-0.0097,30
4.943,50.34,-0.0267,30
5.046,50.81,0.1025,30
5.416,44.57,0.3698,30
5.07,56.45,-0.3455,30
5.072,47.07,0.0016,30
4.852,45.48,-0.2201,30
4.932,59.21,0.0805,30
4.494,44.15,-0.438,30
4.479,58.64,-0.015,30
4.815,49.87,0.3358,30
4.839,45.28,0.0238,30
4.906,62.29,0.0671,30
5.557,45.74,0.6509,30
5.259,45.84,-0.2978,30
4.289,55.1,-0.9696,30
5.464,55.23,1.1746,30
4.812,49.17,-0.652,30
5.3,51.96,0.4879,30
4.843,41.9,-0.4574,30
5.046,55.4,0.203,30
4.521,53.19,-0.5246,30
5.133,53.75,0.6117,30
5.349,46.53,0.2162,30
4.353,47.33,-0.9956,30
5.356,47.29,1.0024,30
4.722,40.89,-0.6333,30
5.701,54.13,0.9787,30
5.308,54.84,-0.3931,30
5.231,48.78,-0.0773,30
4.934,47.86,-0.2962,30
6.054,52.78,1.1194,30
4.814,52.33,-1.2394,30
4.596,57.52,-0.2188,30
4.736,52.51,0.1399,30
5.426,51.92,0.6908,30
5.038,50.05,-0.3886,30
4.977,47.12,-0.0604,30
4.82,57.4,-0.1572,30
5.22,57.7,0.3999,30
5.352,57.29,0.132,30
5.6,58.88,0.2481,30
6.011,51.58,0.4112,30
6.581,47.34,0.57,30
6.25,52.46,-0.3313,30
7.128,52.86,0.8776,30
6.995,49.15,-0.1331,30
8.65,58.37,1.6552,30
8.259,57.7,-0.391,31
8.273,54.53,0.0137,32
11.383,48.34,3.1108,33
11.377,58.92,-0.0064,34
9.364,56.97,-2.0131,35
10.655,55.92,1.2908,36
13.254,54.33,2.5994,37
13.788,57.93,0.5336,38
12.304,52.73,-1.4836,39
12.957,58.9,0.6533,40
11.722,60.47,-1.2351,41
11.008,61.3,-0.7144,42
5.05,48.3,-5.9575,43
4.644,42.66,-0.4064,43
5.253,46.08,0.6091,43
6.224,44.57,0.9707,43
4.497,52.55,-1.7268,43
5.612,50.32,1.1147,43
5.229,40.78,-0.3828,43
4.729,44.63,-0.4999,43
4.242,50.58,-0.487,43
4.103,43.39,-0.1391,43
4.785,45.84,0.6823,43
5.159,51.53,0.3734,43
5.358,53.76,0.199,43
5.456,49.99,0.0988,43
5.121,52.56,-0.3349,43
5.057,48.01,-0.0647,43
4.867,45.91,-0.1896,43
5.169,49.53,0.3016,43
4.735,46.69,-0.4339,43
4.516,54.89,-0.2189,43
5.031,45.69,0.5156,43
5.323,47.2,0.292,43
4.437,55.11,-0.886,43
4.785,47.96,0.3478,43
5.016,55.71,0.2313,43
5.008,44.0,-0.0085,43
5.218,47.58,0.2095,43
5.755,49.99,0.5376,43
4.106,51.79,-1.6492,43
5.778,57.88,1.6719,43
5.732,44.9,-0.0455,43
5.365,46.39,-0.3675,43
5.09,43.64,-0.2751,43
4.742,46.62,-0.3475,43
5.359,54.0,0.6172,43
5.111,43.25,-0.2487,43
4.875,46.27,-0.2354,43
5.348,55.89,0.4725,43
4.647,60.69,-0.3534,0
5.343,61.57,0.6969,0
5.645,53.83,0.3012,0
6.612,61.4,0.9678,0
6.624,59.68,0.0114,0
6.765,53.82,0.1416,0
7.488,50.93,0.7224,0
7.673,55.74,0.1847,0
8.866,54.89,1.193,0
9.33,55.11,0.4645,1
8.857,52.27,-0.4728,2
9.992,59.11,1.1352,3
10.5,52.66,0.5081,4
11.449,51.86,0.9485,5
11.327,64.2,-0.1221,6
13.134,54.22,1.8068,7
12.667,53.21,-0.4666,8
11.062,55.89,-1.6053,9
13.218,61.51,2.1564,10
15.371,53.06,2.1532,11
12.806,64.32,-2.5649,12
13.588,60.0,0.7811,13
16.48,48.81,2.8923,14
17.022,47.11,0.5417,15
15.799,57.96,-1.2229,16
13.141,53.32,-2.6575,17
4.887,52.48,-8.2546,18
5.512,46.82,0.6258,18
6.383,56.61,0.8701,18
5.929,55.05,-0.4539,18
6.882,51.64,0.953,18
7.431,57.29,0.5495,18
7.369,59.37,-0.0624,18
8.769,54.62,1.4002,18
8.808,60.04,0.0391,19
8.945,53.03,0.1371,20
8.602,56.94,-0.3432,21
9.392,60.69,0.79,22
8.984,51.39,-0.4074,23
9.229,50.45,0.2442,24
10.599,52.31,1.3703,25
9.897,55.8,-0.7021,26
13.206,53.84,3.3096,27
11.752,56.74,-1.4547,28
14.713,58.44,2.9614,29
13.423,58.08,-1.2896,30
15.121,54.96,1.6974,31
14.191,59.19,-0.9302,32
12.402,55.92,-1.7885,33
12.133,57.96,-0.2689,34
17.912,55.62,5.7792,35
17.216,52.34,-0.6964,36
5.73,44.33,-11.4854,37
5.531,46.72,-0.1991,37
5.805,52.96,0.2739,37
4.594,47.39,-1.2117,37
5.312,55.26,0.7189,37
4.972,50.22,-0.3408,37
5.303,50.66,0.3316,37
4.483,45.94,-0.8207,37
5.094,56.08,0.6114,37
5.646,53.9,0.5523,37
5.115,53.74,-0.5315,37
4.733,49.23,-0.3816,37
4.67,43.76,-0.063,37
5.133,50.93,0.4631,37
5.275,52.73,0.1416,37
5.097,52.78,-0.178,37
4.855,56.48,-0.2423,37
5.398,55.21,0.5434,37
5.526,50.5,0.1279,37
6.377,57.15,0.8509,37
6.752,67.13,0.3755,37
6.567,53.41,-0.1851,37
7.378,54.54,0.8112,37
8.365,56.08,0.9866,37
8.838,54.46,0.473,38
8.633,65.69,-0.2054,39
9.004,52.21,0.3718,40
8.774,57.22,-0.2305,41
9.537,56.36,0.7628,42
10.606,51.33,1.0691,43
9.815,57.75,-0.7909,44
12.515,58.11,2.7002,45
13.858,55.71,1.343,46
12.254,51.05,-1.6039,47
10.714,57.26,-1.5401,48
10.631,51.08,-0.0835,49
4.455,42.89,-6.1754,50
4.671,50.43,0.2161,50
4.528,49.42,-0.1435,50
5.423,43.49,0.8957,50
4.917,55.12,-0.506,50
4.833,47.13,-0.0847,50
5.465,48.47,0.6327,50
5.442,52.14,-0.0236,50
4.863,52.4,-0.5789,50
5.128,55.1,0.2653,50
4.781,50.21,-0.3475,50
4.975,53.52,0.1947,50
4.59,55.08,-0.3855,50
5.187,43.42,0.5966,50
5.483,61.17,0.2968,50
5.571,50.43,0.0875,50
4.335,40.78,-1.2354,50
5.102,47.04,0.7666,50
4.634,49.69,-0.4679,50
5.246,42.74,0.6121,50
4.82,57.55,-0.4258,50
4.57,54.35,-0.2506,50
4.806,52.73,0.2362,50
5.439,53.71,0.6328,50
5.364,44.24,-0.0753,50
5.445,45.74,0.0818,50
5.104,51.29,-0.3416,50
5.194,51.68,0.0902,50
4.662,43.25,-0.5316,50
5.349,50.93,0.6865,50
5.46,49.78,0.1108,50
4.438,54.83,-1.0218,50
4.852,51.71,0.4139,50
4.741,58.22,-0.1108,50
4.649,48.31,-0.0916,50
5.043,44.54,0.3936,50
5.132,58.06,0.0892,50
4.804,51.98,-0.3284,50
3.9,49.81,-0.9036,50
4.875,45.91,0.9746,50
5.433,48.37,0.5578,50
4.233,44.34,-1.1993,50
5.384,39.45,1.1512,50
4.693,48.0,-0.691,50
5.697,53.84,1.004,50
4.777,56.52,-0.9203,50
4.704,55.05,-0.0733,50
4.456,55.37,-0.2473,50
4.838,44.86,0.3811,50
4.913,51.39,0.0756,50
4.802,52.77,-0.111,50
4.767,53.1,-0.0353,50
5.177,49.7,0.4101,50
4.823,50.76,-0.3534,50
5.22,60.31,0.3967,50
5.376,54.88,0.1557,50
6.235,52.58,0.8596,50
5.194,53.52,-1.0415,50
4.596,47.78,-0.5974,50
4.798,53.24,0.2011,50
4.93,50.69,0.1328,50
5.435,54.32,0.5047,50
4.935,46.65,-0.4997,50
5.454,53.87,0.5188,50
4.357,48.43,-1.0966,50
5.066,53.89,0.7087,50
5.364,51.42,0.2978,50
5.234,50.32,-0.1299,50
4.73,48.69,-0.5036,50
5.008,49.83,0.2771,50
4.246,48.01,-0.7618,50
5.022,48.59,0.7767,50
4.901,52.44,-0.1212,50
4.568,41.86,-0.3329,50
4.861,53.82,0.2923,50
5.675,53.91,0.8143,50
4.413,48.84,-1.2623,50
5.103,50.89,0.69,50
4.633,50.32,-0.4695,50
5.168,54.13,0.5349,50
4.678,48.27,-0.4904,50
3.918,46.89,-0.7592,50
4.79,44.9,0.8718,50
5.066,49.72,0.276,50
4.096,51.08,-0.9699,50
4.629,52.43,0.5324,50
4.487,50.15,-0.1414,50
4.887,51.52,0.3995,50
5.05,48.72,0.1631,50
4.385,42.61,-0.6644,50
4.766,49.96,0.381,50
4.757,53.13,-0.0097,50
4.888,45.17,0.1316,50
5.0,76.26,-27.1573,53
6.791,82.03,1.7914,53
7.011,62.73,0.2194,53
7.104,59.87,0.0929,53
8.823,65.36,1.7191,53
9.753,77.67,0.9304,54
9.023,72.05,-0.7298,55
9.095,66.13,0.0714,56
8.102,74.28,-0.9925,57
7.52,76.76,-0.582,58
7.989,69.95,0.4683,58
7.596,75.16,-0.3926,58
7.28,70.3,-0.3162,58
6.359,72.28,-0.9213,58
6.364,78.64,0.0052,58
6.063,77.87,-0.3007,58
5.292,62.51,-0.7715,58
5.702,76.33,0.4105,58
5.635,73.42,-0.0669,58
5.767,76.63,0.1316,58
5.201,64.11,-0.5656,58
5.228,84.38,0.0269,58
5.222,80.53,-0.0063,58
4.942,70.18,-0.28,58
5.161,64.15,0.2188,58
5.166,70.66,0.0049,58
5.047,69.01,-0.1185,58
5.037,79.86,-0.0104,58
5.053,55.36,0.0164,58
5.093,51.18,0.0395,58
5.809,60.76,0.7168,58
6.293,59.32,0.4838,58
7.085,54.03,0.7915,58
7.53,50.24,0.4456,58
7.715,54.28,0.185,58
7.721,50.85,0.0059,58
8.733,52.5,1.012,58
10.016,53.78,1.2829,59
8.705,55.05,-1.3111,60
8.76,55.16,0.0546,61
8.712,51.32,-0.0472,62
9.711,49.71,0.9983,63
11.33,61.24,1.6194,64
12.366,56.41,1.0357,65
10.815,58.75,-1.5507,66
11.452,51.74,0.6368,67
5.0,74.43,-6.452,68
6.702,81.63,1.7023,68
7.956,75.41,1.2542,68
9.973,78.2,2.0161,68
8.635,70.48,-1.3374,69
9.191,75.49,0.5562,70
7.79,72.68,-1.4013,71
7.573,80.29,-0.2172,71
8.725,64.86,1.1526,71
6.914,76.35,-1.8117,72
6.356,71.57,-0.5573,72
5.892,74.04,-0.4647,72
7.031,63.97,1.1392,72
5.98,72.47,-1.0509,72
6.023,84.19,0.0432,72
6.084,67.2,0.0603,72
6.764,80.08,0.6808,72
5.443,69.74,-1.3209,72
5.256,68.57,-0.1875,72
5.089,77.81,-0.1671,72
5.687,80.75,0.5982,72
4.949,62.11,-0.7375,72
4.984,53.23,0.0351,72
4.694,47.1,-0.2906,72
4.815,40.74,0.1208,72
5.345,55.96,0.5301,72
4.719,51.74,-0.6252,72
4.894,51.64,0.1743,72
4.749,45.58,-0.1448,72
5.421,49.68,0.6719,72
5.809,50.23,0.388,72
4.63,56.13,-1.1793,72
5.252,53.63,0.6228,72
5.476,46.74,0.2239,72
4.949,49.14,-0.5271,72
4.484,48.68,-0.4654,72
5.535,51.19,1.0509,72
4.462,42.22,-1.073,72
5.666,49.55,1.2043,72
4.741,48.63,-0.9249,72
4.409,57.12,-0.332,72
4.843,56.84,0.4337,72
5.021,57.15,0.1779,72
5.103,54.27,0.082,72
5.288,53.12,0.185,72
5.139,48.84,-0.1485,72
5.766,45.47,0.627,72
5.002,50.07,-0.7645,72
5.161,47.85,0.1593,72
5.126,49.16,-0.0351,72
4.367,50.05,-0.7587,72
4.56,41.33,0.1926,72
5.055,52.44,0.495,72
5.211,52.84,0.1559,72
4.227,43.19,-0.9837,72
5.789,44.76,1.5624,72
4.725,50.4,-1.0642,72
4.747,52.81,0.0215,72
5.055,47.76,0.308,72
4.58,51.34,-0.4748,72
4.515,52.14,-0.065,72
6.051,56.75,1.5357,72
5.287,49.57,-0.7633,72
4.224,43.39,-1.0628,72
5.513,46.05,1.2886,72
4.72,49.17,-0.7928,72
4.575,43.87,-0.1451,72
4.98,45.54,0.4046,72
4.704,46.09,-0.2762,72
5.209,48.84,0.5054,72
4.929,52.98,-0.2804,72
4.943,48.61,0.0146,72
5.188,53.34,0.245,72
4.941,50.4,-0.247,72
4.687,45.7,-0.2539,72
5.308,52.22,0.6204,72
5.182,51.4,-0.1255,72
5.018,53.48,-0.1636,72
5.374,54.56,0.3556,72
4.96,56.93,-0.4144,72
5.091,53.16,0.1317,72
5.113,51.24,0.0215,72
4.706,53.51,-0.4071,72
6.138,48.13,1.4324,72
5.0,67.96,-1.1381,72
5.835,67.45,0.8354,72
8.374,88.8,2.5386,72
8.401,77.4,0.0268,73
9.6,70.31,1.1989,74
10.488,76.55,0.8879,75
8.566,70.81,-1.922,76
8.82,61.28,0.254,77
7.914,73.82,-0.9055,78
7.577,79.02,-0.3371,78
6.777,77.57,-0.8001,78
7.385,63.94,0.6085,78
6.34,78.54,-1.0454,78
7.205,74.76,0.8648,78
5.536,74.25,-1.6685,78
6.257,80.11,0.7205,78
4.514,48.35,-1.7429,78
5.017,58.91,0.5033,78
4.803,47.62,-0.2142,78
5.619,48.13,0.8166,78
5.289,42.61,-0.3306,78
4.932,41.7,-0.3574,78
4.578,54.2,-0.3537,78
4.98,48.4,0.4022,78
4.701,48.9,-0.2795,78
5.12,54.91,0.4199,78
3.95,45.84,-1.1705,78
5.064,49.51,1.1137,78
5.161,51.34,0.0977,78
4.878,47.37,-0.2833,78
4.902,55.74,0.0237,78
4.707,49.69,-0.1946,78
5.073,57.8,0.3661,78
4.88,54.79,-0.1935,78
5.493,49.68,0.6129,78
4.916,48.35,-0.5771,78
5.092,51.18,0.1767,78
4.55,45.16,-0.5425,78
5.857,49.11,1.3075,78
4.69,57.16,-1.1673,78
5.113,52.89,0.4226,78
4.945,48.41,-0.1679,78
4.932,43.09,-0.0126,78
4.965,51.48,0.0327,78
5.74,50.43,0.7754,78
4.066,49.53,-1.6739,78
6.096,54.33,2.0295,78
4.676,52.96,-1.4202,78
4.703,43.23,0.0276,78
4.861,50.46,0.1575,78
4.251,44.25,-0.6095,78
5.004,47.96,0.753,78
5.158,43.93,0.1538,78
5.286,44.08,0.1277,78
5.657,41.42,0.3714,78
4.563,52.09,-1.0941,78
5.666,51.58,1.1027,78
5.225,50.09,-0.4406,78
4.589,47.55,-0.6357,78
4.515,43.61,-0.0742,78
5.161,44.38,0.6455,78
5.128,43.49,-0.0329,78
5.119,47.56,-0.0093,78
5.563,51.62,0.4441,78
5.494,46.22,-0.0683,78
5.022,45.09,-0.4719,78
4.835,48.69,-0.1879,78
4.71,43.92,-0.1249,78
4.435,38.3,-0.2751,78
4.577,53.14,0.1429,78
4.361,43.16,-0.2169,78
5.716,46.82,1.3558,78
5.128,53.21,-0.5879,78
5.265,42.39,0.1366,78
4.353,62.23,-0.9123,78
4.362,44.76,0.0093,78
4.584,42.52,0.2217,78
5.541,62.11,0.9573,78
4.81,43.4,-0.7313,78
4.105,48.78,-0.7045,78
4.873,46.74,0.7682,78
5.129,48.42,0.1292,0
4.559,53.33,-0.5699,0
5.005,54.44,0.4457,0
5.316,42.89,0.311,0
4.426,46.22,-0.8897,0
4.577,53.78,0.1512,0
5.141,55.5,0.563,0
5.159,51.04,0.0181,0
5.48,52.35,0.3213,0
5.027,57.4,-0.4527,0
5.046,48.48,0.0188,0
4.665,53.52,-0.3812,0
5.495,49.75,0.8299,0
5.523,40.15,0.0283,0
4.978,49.8,-0.5453,0
4.709,61.92,-0.2686,0
4.974,47.96,0.2643,0
5.01,39.99,0.0369,0
4.696,54.92,-0.3143,0
4.748,45.86,0.0524,0
5.524,56.7,0.7754,0
5.207,47.72,-0.317,0
4.904,45.98,-0.3026,0
4.602,44.78,-0.3021,0
4.753,44.83,0.1507,0
4.375,51.1,-0.3783,0
5.094,58.5,0.7193,0
4.733,51.48,-0.3612,0
5.125,48.73,0.3924,0
5.298,53.88,0.1726,0
5.131,48.72,-0.1668,0
4.857,43.16,-0.274,0
4.678,46.89,-0.1794,0
4.55,52.2,-0.1272,0
5.479,45.46,0.9282,0
5.113,44.83,-0.3653,0
4.878,46.55,-0.2353,0
5.241,46.61,0.3627,0
5.405,48.77,0.1639,0
5.051,58.58,-0.354,0
5.896,60.72,0.8449,0
5.989,56.88,0.0935,0
6.553,56.45,0.5641,0
6.433,61.89,-0.1202,0
7.622,61.03,1.1887,0
7.977,55.02,0.3559,0
8.516,49.57,0.5387,0
8.953,51.14,0.4368,1
9.967,54.32,1.0139,2
8.718,53.15,-1.2485,3
9.846,52.1,1.1274,4
11.766,54.93,1.92,5
10.254,55.37,-1.5112,6
9.265,49.23,-0.9894,7
12.13,54.34,2.8649,8
11.88,55.24,-0.2494,9
12.096,56.6,0.2159,10
13.621,56.5,1.5248,11
11.81,58.46,-1.8113,12
4.961,51.22,-6.8493,13
5.425,46.74,0.4648,13
4.749,50.91,-0.6768,13
5.166,45.88,0.4175,13
4.97,49.53,-0.196,13
4.114,48.9,-0.8562,13
4.937,49.2,0.8232,13
5.566,43.92,0.6293,13
4.67,36.94,-0.8962,13
4.808,48.02,0.1375,13
4.796,55.54,-0.0116,13
5.344,50.39,0.5482,13
4.852,55.13,-0.4925,13
4.992,45.91,0.1403,13
4.314,47.79,-0.6786,13
5.302,61.38,0.9884,13
5.025,46.17,-0.2772,13
4.526,52.76,-0.4986,13
4.294,52.75,-0.2319,13
5.327,52.18,1.0329,13
4.912,52.82,-0.4149,13
5.068,46.11,0.1562,13
5.74,48.24,0.6718,13
5.31,37.91,-0.4299,13
5.511,57.34,0.2003,13
5.012,52.79,-0.4987,13
5.223,46.79,0.2115,13
5.219,45.96,-0.0046,13
4.756,55.63,-0.4624,13
5.39,46.47,0.6334,13
4.707,46.77,-0.6833,13
5.293,45.0,0.5865,13
5.0,78.06,-0.2931,13
5.776,66.14,0.7764,13
7.003,74.1,1.2268,13
7.484,68.35,0.4805,13
10.331,65.95,2.8471,13
8.447,92.72,-1.8839,14
9.174,80.52,0.7273,15
8.264,83.97,-0.9104,16
7.702,69.62,-0.5622,17
7.309,66.97,-0.3922,17
6.184,74.17,-1.1253,17
6.986,74.74,0.8022,17
7.049,75.2,0.0624,17
7.658,73.82,0.6097,17
6.957,71.44,-0.7018,17
6.303,75.64,-0.6534,17
6.544,66.7,0.2406,17
6.454,68.93,-0.0903,17
5.316,59.4,-1.1374,17
5.554,72.48,0.2376,17
5.291,71.83,-0.2629,17
5.204,69.79,-0.0866,17
5.428,78.02,0.2234,17
4.599,56.39,-0.829,17
4.663,51.42,0.0641,17
4.344,39.8,-0.3185,17
5.127,45.95,0.7831,17
4.204,52.7,-0.923,17
5.848,56.95,1.6437,17
4.897,50.04,-0.951,17
5.355,55.61,0.458,17
4.863,50.17,-0.4925,17
5.12,52.77,0.2577,17
4.947,49.4,-0.1735,17
5.552,56.05,0.6052,17
5.191,58.6,-0.361,17
4.845,58.11,-0.3455,17
5.217,66.36,0.3716,17
4.523,46.55,-0.694,17
5.168,51.99,0.6445,17
5.78,46.66,0.6125,17
5.362,55.81,-0.4181,17
5.282,45.2,-0.0801,17
5.563,56.15,0.2812,17
5.082,51.13,-0.4814,17
4.969,53.2,-0.1132,17
5.012,45.76,0.0439,17
4.581,46.24,-0.4319,17
5.089,49.87,0.5083,17
5.086,52.5,-0.0027,17
4.749,57.33,-0.3371,17
4.893,47.83,0.1438,17
5.193,40.82,0.3,17
4.684,54.91,-0.5092,17
4.305,55.59,-0.3788,17
5.604,48.15,1.2994,17
5.117,55.6,-0.4877,17
4.813,54.34,-0.3034,17
4.732,47.61,-0.0817,17
4.68,51.71,-0.0513,17
4.492,44.59,-0.1888,17
5.158,59.22,0.6663,17
5.157,48.07,-0.0003,17
5.306,48.8,0.149,17
4.849,45.21,-0.4578,17
5.563,37.3,0.7147,17
5.319,47.68,-0.2442,17
4.836,58.46,-0.4833,17
4.714,46.6,-0.1215,17
4.948,52.07,0.2335,17
4.823,42.13,-0.1246,17
4.654,56.41,-0.1695,17
5.03,52.26,0.3762,17
4.895,46.7,-0.1345,17
5.671,49.06,0.7756,17
4.823,55.48,-0.8484,17
4.711,47.03,-0.1116,17
5.004,50.0,0.293,17
5.104,60.46,0.0997,17
5.134,38.11,0.0307,17
5.131,50.19,-0.004,17
5.017,51.23,-0.1131,17
4.989,49.74,-0.0289,17
5.245,47.29,0.2567,17
4.621,65.12,-0.6243,17
5.0,72.7,0.3791,17
6.364,78.27,1.3641,17
7.302,61.37,0.9379,17
9.94,81.17,2.6376,17
8.551,66.87,-1.3883,18
7.695,72.17,-0.8565,19
9.152,78.73,1.4575,19
8.004,68.64,-1.1483,20
7.035,58.47,-0.9692,21
8.276,70.8,1.2414,21
6.945,63.21,-1.3309,22
6.843,77.06,-0.1022,22
6.353,83.73,-0.4902,22
5.991,69.78,-0.3624,22
7.052,77.81,1.0615,22
6.295,71.18,-0.7573,22
5.653,68.46,-0.642,22
5.54,77.25,-0.1129,22
5.777,71.21,0.2377,22
5.386,83.67,-0.3917,22
5.455,67.85,0.0692,22
5.35,70.3,-0.1048,22
5.036,60.12,-0.3137,22
5.235,50.35,0.1986,22
5.998,53.14,0.7634,22
6.11,54.81,0.1118,22
6.46,61.19,0.3501,22
7.699,52.87,1.239,22
7.563,48.21,-0.1369,22
7.273,57.99,-0.2896,22
7.964,51.53,0.6912,22
7.953,56.47,-0.0111,22
10.358,58.06,2.4046,22
10.152,50.98,-0.2053,23
10.286,49.44,0.134,24
10.727,54.79,0.4402,25
9.621,56.51,-1.1056,26
11.042,53.31,1.4215,27
13.479,51.15,2.4366,28
10.837,54.85,-2.6425,29
13.686,50.69,2.8494,30
13.949,60.6,0.2635,31
4.693,48.77,-9.2569,32
4.462,52.03,-0.2302,32
5.236,62.35,0.7736,32
4.751,48.66,-0.4847,32
4.77,51.06,0.0184,32
5.153,49.73,0.383,32
5.435,46.92,0.2819,32
5.394,52.69,-0.0401,32
4.995,48.43,-0.3993,32
5.971,45.91,0.9755,32
5.119,46.25,-0.8515,32
5.714,54.43,0.5951,32
4.729,52.56,-0.9856,32
5.103,47.42,0.3744,32
5.303,51.95,0.2002,32
5.086,49.79,-0.217,32
5.172,51.15,0.0861,32
5.024,46.79,-0.1488,32
5.678,44.75,0.6539,32
5.171,48.4,-0.5065,32
5.704,45.48,0.5328,32
4.706,45.15,-0.9979,32
5.129,43.13,0.4235,32
4.809,39.24,-0.3208,32
5.096,47.5,0.2876,32
4.405,55.43,-0.6914,32
4.477,53.98,0.0722,32
4.72,58.01,0.2427,32
5.3,44.96,0.5802,32
4.633,53.03,-0.6667,32
4.895,49.15,0.2619,32
5.509,46.26,0.6138,32
5.037,54.77,-0.4724,32
5.324,49.2,0.2871,32
4.884,41.31,-0.4392,32
4.578,51.59,-0.3069,32
4.945,50.37,0.3673,32
5.416,44.06,0.4709,32
4.906,50.94,-0.5102,32
5.363,51.45,0.4579,32
5.718,42.51,0.3543,32
4.997,51.83,-0.7208,32
4.634,51.5,-0.3627,32
4.557,53.45,-0.0768,32
5.423,51.36,0.8658,32
4.259,45.17,-1.1643,32
5.226,50.11,0.967,32
3.922,56.21,-1.3035,32
5.055,45.9,1.1323,32
5.398,46.61,0.3433,32
4.725,51.79,-0.6734,32
5.712,58.12,0.9878,32
5.144,52.31,-0.5685,32
5.317,43.72,0.1727,32
5.258,46.33,-0.0589,32
5.127,48.86,-0.1303,32
5.2,50.59,0.0731,32
3.771,50.89,-1.4297,32
5.257,52.23,1.4861,32
4.959,58.21,-0.2979,32
5.125,52.19,0.1656,32
5.418,51.81,0.2932,32
4.641,37.81,-0.777,32
4.809,53.8,0.1684,32
4.859,54.01,0.0496,32
5.059,56.44,0.2007,32
4.882,52.34,-0.1776,32
5.202,57.51,0.3204,32
4.317,47.71,-0.885,32
5.339,57.73,1.0221,32
5.096,48.54,-0.2434,32
5.303,54.34,0.2068,32
4.856,51.65,-0.4467,32
5.472,59.45,0.6161,32
5.297,50.22,-0.1752,32
5.223,49.42,-0.0741,32
5.076,44.71,-0.1471,32
5.519,44.3,0.443,32
4.827,50.49,-0.6917,32
5.796,47.89,0.9692,32
4.734,47.25,-1.0628,32
5.664,35.94,0.93,32
4.599,63.66,-1.0647,32
5.236,44.47,0.6374,32
4.983,50.34,-0.2531,32
5.338,59.2,0.3552,32
5.155,47.3,-0.183,32
5.315,46.51,0.1594,32
4.587,41.2,-0.7282,32
4.374,45.52,-0.2127,32
4.529,51.57,0.1549,32
4.52,34.28,-0.0086,32
4.582,47.64,0.0622,32
4.758,57.6,0.1754,32
4.755,54.4,-0.0032,32
4.992,49.79,0.2378,32
4.666,49.71,-0.3266,32
4.694,50.85,0.0281,32
5.0,69.31,0.306,32
5.899,66.79,0.8987,32
7.343,66.33,1.4448,32
8.705,75.4,1.3614,32
8.817,77.31,0.1127,33
9.963,83.12,1.1458,34
8.841,71.39,-1.1225,35
9.034,72.91,0.1937,36
7.792,74.29,-1.2422,37
7.629,65.43,-0.163,37
7.385,68.26,-0.2446,37
6.763,67.75,-0.6218,37
7.229,70.83,0.4658,37
6.68,73.76,-0.5487,37
5.854,71.27,-0.8261,37
6.837,71.44,0.9828,37
5.003,53.96,-1.8334,37
4.804,40.94,-0.1991,37
5.107,53.63,0.3033,37
5.23,52.11,0.1228,37
4.861,45.97,-0.3696,37
5.221,52.13,0.3601,37
4.776,55.55,-0.4451,37
4.647,47.08,-0.1288,37
5.655,54.34,1.0077,37
4.857,51.44,-0.7978,37
5.062,36.27,0.2051,37
4.637,49.75,-0.4245,37
4.857,51.24,0.2199,37
5.452,48.39,0.5944,37
4.577,51.62,-0.8749,37
4.869,49.22,0.2924,37
4.883,61.21,0.0139,37
4.104,48.06,-0.7796,37
4.999,46.09,0.8948,37
5.36,54.07,0.3614,37
4.981,48.65,-0.379,37
4.955,49.48,-0.0257,37
4.969,49.06,0.0134,37
5.101,53.77,0.1323,37
4.508,44.75,-0.5931,37
5.1,52.53,0.5922,37
4.428,58.92,-0.6719,37
4.756,50.84,0.3283,37
5.342,45.07,0.5853,37
4.781,50.9,-0.5603,37
6.143,51.51,1.3615,37
5.643,56.03,-0.5004,37
5.147,45.05,-0.4953,37
5.424,42.51,0.2767,37
5.64,51.0,0.2164,37
3.94,48.3,-1.7004,37
5.262,48.81,1.3217,37
5.286,45.75,0.0244,37
4.478,49.64,-0.8084,37
5.013,48.26,0.535,37
5.491,45.75,0.4783,37
5.125,50.34,-0.3657,37
4.377,43.4,-0.748,37
5.005,59.91,0.6275,37
5.232,41.37,0.2269,37
5.293,49.52,0.0615,37
5.457,45.6,0.1633,37
5.14,54.23,-0.3164,37
4.821,47.87,-0.3191,37
5.01,52.71,0.1891,37
4.994,54.87,-0.0158,37
4.815,43.36,-0.179,37
5.791,46.98,0.9756,37
4.773,49.67,-1.0182,37
5.027,48.07,0.2542,37
4.993,49.8,-0.0338,37
5.07,38.21,0.0769,37
5.752,49.26,0.6824,37
5.232,43.11,-0.5201,37
4.812,46.64,-0.4206,37
5.588,47.07,0.7763,37
5.303,46.75,-0.2847,37
4.819,48.77,-0.4843,37
5.514,40.55,0.6946,37
4.474,40.26,-1.0398,37
4.565,45.94,0.0913,37
4.354,46.33,-0.2108,37
4.194,44.91,-0.1601,37
