damage,temp,unsafe_mins,potency_pct
0.0,5.188,0,100.0
0.0,5.569,0,100.0
0.0,5.493,0,100.0
0.0,6.608,0,100.0
0.0,6.472,0,100.0
0.0,6.755,0,100.0
0.0,7.801,0,100.0
0.0,8.577,0,100.0
0.0869,8.407,1,99.4
0.1718,9.665,2,98.82
0.2718,8.652,3,98.13
0.3596,8.798,4,97.54
0.4492,9.411,5,96.93
0.5461,11.372,6,96.29
0.6666,12.159,7,95.49
0.7965,10.756,8,94.63
0.9096,10.613,9,93.89
1.021,12.634,10,93.17
1.1566,12.337,11,92.3
1.2886,11.071,12,91.46
1.4055,13.759,13,90.72
1.5546,14.349,14,89.79
1.7108,11.677,15,88.82
1.8349,13.994,16,88.06
1.9868,12.649,17,87.14
2.1226,16.552,18,86.32
2.3052,17.056,19,85.24
2.4939,4.855,20,84.13
2.4939,4.522,20,84.13
2.4939,4.812,20,84.13
2.4939,5.192,20,84.13
2.4939,5.266,20,84.13
2.4939,4.831,20,84.13
2.4939,4.325,20,84.13
2.4939,4.471,20,84.13
2.4939,5.16,20,84.13
2.4939,4.849,20,84.13
2.4939,4.857,20,84.13
2.4939,4.627,20,84.13
2.4939,4.62,20,84.13
2.4939,5.336,20,84.13
2.4939,5.174,20,84.13
2.4939,4.762,20,84.13
2.4939,5.029,20,84.13
2.4939,5.093,20,84.13
2.4939,5.641,20,84.13
2.4939,4.591,20,84.13
2.4939,5.088,20,84.13
2.4939,5.334,20,84.13
2.4939,5.585,20,84.13
2.4939,4.744,20,84.13
2.4939,4.844,20,84.13
2.4939,5.0,20,84.13
2.4939,5.927,20,84.13
2.4939,7.922,20,84.13
2.4939,8.126,20,84.13
2.5754,8.998,21,83.65
2.6674,9.537,22,83.12
2.7658,7.664,23,82.56
2.7658,9.376,23,82.56
2.8623,9.327,24,82.01
2.9582,7.332,25,81.46
2.9582,8.046,25,81.46
3.0388,6.506,26,81.01
3.0388,6.63,26,81.01
3.0388,6.605,26,81.01
3.0388,7.025,26,81.01
3.0388,6.171,26,81.01
3.0388,5.762,26,81.01
3.0388,5.809,26,81.01
3.0388,4.985,26,81.01
3.0388,4.847,26,81.01
3.0388,4.557,26,81.01
3.0388,5.257,26,81.01
3.0388,4.998,26,81.01
3.0388,5.135,26,81.01
3.0388,5.036,26,81.01
3.0388,4.18,26,81.01
3.0388,4.663,26,81.01
3.0388,4.649,26,81.01
3.0388,5.366,26,81.01
3.0388,5.012,26,81.01
3.0388,4.869,26,81.01
3.0388,5.215,26,81.01
3.0388,4.938,26,81.01
3.0388,4.91,26,81.01
3.0388,5.071,26,81.01
3.0388,5.036,26,81.01
3.0388,6.007,26,81.01
3.0388,4.999,26,81.01
3.0388,-1.706,26,81.01
3.0388,26.188,26,81.01
3.3371,4.999,27,79.35
3.3371,-3.481,27,79.35
3.3371,26.461,27,79.35
3.6386,-2.54,28,77.71
3.6386,4.499,28,77.71
3.6386,-1.753,28,77.71
3.6386,4.501,28,77.71
3.6386,24.765,28,77.71
3.9198,-9.446,29,76.21
3.9198,22.961,29,76.21
4.1793,5.0,30,74.85
4.1793,6.407,30,74.85
4.1793,7.749,30,74.85
4.1793,7.717,30,74.85
4.1793,8.754,30,74.85
4.2684,10.812,31,74.39
4.3821,8.656,32,73.81
4.47,9.37,33,73.36
4.5664,7.48,34,72.87
4.5664,8.345,34,72.87
4.6505,6.97,35,72.45
4.6505,6.245,35,72.45
4.6505,6.587,35,72.45
4.6505,5.95,35,72.45
4.6505,7.091,35,72.45
4.6505,6.021,35,72.45
4.6505,5.596,35,72.45
4.6505,5.423,35,72.45
4.6505,5.403,35,72.45
4.6505,5.865,35,72.45
4.6505,5.181,35,72.45
4.6505,5.222,35,72.45
4.6505,5.829,35,72.45
4.6505,5.266,35,72.45
4.6505,4.862,35,72.45
4.6505,4.929,35,72.45
4.6505,5.348,35,72.45
4.6505,5.0,35,72.45
4.6505,5.93,35,72.45
4.6505,8.624,35,72.45
4.738,8.448,36,72.01
4.8234,9.41,37,71.59
4.9203,8.163,38,71.11
5.0023,8.173,39,70.7
5.0844,9.286,40,70.3
5.1798,7.972,41,69.84
5.1798,7.513,41,69.84
5.1798,6.457,41,69.84
5.1798,6.5,41,69.84
5.1798,6.731,41,69.84
5.1798,5.963,41,69.84
5.1798,5.828,41,69.84
5.1798,6.276,41,69.84
5.1798,5.98,41,69.84
5.1798,5.3,41,69.84
5.1798,5.027,41,69.84
5.1798,5.381,41,69.84
5.1798,5.095,41,69.84
5.1798,5.244,41,69.84
5.1798,5.274,41,69.84
5.1798,5.726,41,69.84
5.1798,5.468,41,69.84
5.1798,5.006,41,69.84
5.1798,5.0,41,69.84
5.1798,5.835,41,69.84
5.1798,7.012,41,69.84
5.1798,8.606,41,69.84
5.2671,8.146,42,69.42
5.3489,9.706,43,69.03
5.4494,9.135,44,68.55
5.543,9.115,45,68.1
5.6364,7.577,46,67.66
5.6364,6.955,46,67.66
5.6364,6.788,46,67.66
5.6364,5.914,46,67.66
5.6364,6.457,46,67.66
5.6364,6.66,46,67.66
5.6364,6.316,46,67.66
5.6364,5.51,46,67.66
5.6364,4.837,46,67.66
5.6364,5.074,46,67.66
5.6364,4.864,46,67.66
5.6364,4.543,46,67.66
5.6364,6.039,46,67.66
5.6364,5.573,46,67.66
5.6364,5.232,46,67.66
5.6364,4.932,46,67.66
5.6364,5.172,46,67.66
5.6364,5.266,46,67.66
5.6364,5.147,46,67.66
5.6364,5.182,46,67.66
5.6364,5.374,46,67.66
5.6364,4.866,46,67.66
5.6364,4.402,46,67.66
5.6364,5.358,46,67.66
5.6364,4.399,46,67.66
5.6364,4.783,46,67.66
5.6364,5.174,46,67.66
5.6364,5.186,46,67.66
5.6364,4.966,46,67.66
5.6364,5.138,46,67.66
5.6364,4.725,46,67.66
5.6364,5.652,46,67.66
5.6364,4.645,46,67.66
5.6364,4.923,46,67.66
5.6364,4.823,46,67.66
5.6364,5.053,46,67.66
5.6364,5.626,46,67.66
5.6364,4.624,46,67.66
5.6364,5.181,46,67.66
5.6364,5.255,46,67.66
5.6364,5.459,46,67.66
5.6364,4.685,46,67.66
5.6364,4.67,46,67.66
5.6364,4.928,46,67.66
5.6364,4.936,46,67.66
5.6364,4.597,46,67.66
5.6364,5.265,46,67.66
5.6364,5.223,46,67.66
5.6364,5.814,46,67.66
5.6364,4.877,46,67.66
5.6364,4.587,46,67.66
5.6364,4.644,46,67.66
5.6364,5.134,46,67.66
5.6364,4.694,46,67.66
5.6364,5.296,46,67.66
5.6364,4.739,46,67.66
5.6364,5.075,46,67.66
5.6364,4.973,46,67.66
5.6364,4.64,46,67.66
5.6364,4.418,46,67.66
5.6364,5.499,46,67.66
5.6364,5.145,46,67.66
5.6364,4.537,46,67.66
5.6364,4.571,46,67.66
5.6364,5.799,46,67.66
5.6364,4.665,46,67.66
5.6364,27.188,46,67.66
5.9467,5.5,47,66.23
5.9467,35.992,47,66.23
6.3626,39.74,48,64.34
6.8235,29.408,49,62.32
7.1604,4.999,50,60.88
7.1604,36.806,50,60.88
7.5861,4.501,51,59.11
7.5861,5.499,51,59.11
7.5861,5.501,51,59.11
7.5861,4.501,51,59.11
7.5861,5.499,51,59.11
7.5861,5.0,51,59.11
7.5861,5.51,51,59.11
7.5861,5.385,51,59.11
7.5861,5.821,51,59.11
7.5861,5.858,51,59.11
7.5861,7.233,51,59.11
7.5861,6.794,51,59.11
7.5861,7.31,51,59.11
7.5861,7.669,51,59.11
7.5861,7.868,51,59.11
7.5861,9.37,51,59.11
7.6825,10.395,52,58.72
7.7912,9.066,53,58.28
7.884,9.672,54,57.91
7.9841,11.47,55,57.51
8.1057,9.984,56,57.02
8.2095,10.559,57,56.61
8.3202,12.935,58,56.18
8.4594,12.374,59,55.64
8.5919,13.966,60,55.13
8.7435,11.738,61,54.56
8.8684,14.18,62,54.09
9.0226,13.764,63,53.51
9.1718,12.01,64,52.96
9.2999,12.094,65,52.49
9.429,14.026,66,52.03
9.5813,15.113,67,51.48
9.7467,14.257,68,50.89
9.9018,5.281,69,50.35
9.9018,4.995,69,50.35
9.9018,4.514,69,50.35
9.9018,5.274,69,50.35
9.9018,4.591,69,50.35
9.9018,5.451,69,50.35
9.9018,4.401,69,50.35
9.9018,5.584,69,50.35
9.9018,5.307,69,50.35
9.9018,4.552,69,50.35
9.9018,5.023,69,50.35
9.9018,4.925,69,50.35
9.9018,5.063,69,50.35
9.9018,5.323,69,50.35
9.9018,4.101,69,50.35
9.9018,5.475,69,50.35
9.9018,4.256,69,50.35
9.9018,5.372,69,50.35
9.9018,4.851,69,50.35
9.9018,5.005,69,50.35
9.9018,4.594,69,50.35
9.9018,5.714,69,50.35
9.9018,4.632,69,50.35
9.9018,5.256,69,50.35
9.9018,5.5,69,50.35
9.9018,5.296,69,50.35
9.9018,5.136,69,50.35
9.9018,5.033,69,50.35
9.9018,4.488,69,50.35
9.9018,5.692,69,50.35
9.9018,5.102,69,50.35
9.9018,5.005,69,50.35
9.9018,4.563,69,50.35
9.9018,4.98,69,50.35
9.9018,5.719,69,50.35
9.9018,5.005,69,50.35
9.9018,5.018,69,50.35
9.9018,4.567,69,50.35
9.9018,4.702,69,50.35
9.9018,5.204,69,50.35
9.9018,4.285,69,50.35
9.9018,5.398,69,50.35
9.9018,5.41,69,50.35
9.9018,4.662,69,50.35
9.9018,5.138,69,50.35
9.9018,5.515,69,50.35
9.9018,4.947,69,50.35
9.9018,4.872,69,50.35
9.9018,4.919,69,50.35
9.9018,5.101,69,50.35
9.9018,4.749,69,50.35
9.9018,5.098,69,50.35
9.9018,4.544,69,50.35
9.9018,5.575,69,50.35
9.9018,4.153,69,50.35
9.9018,5.012,69,50.35
9.9018,4.953,69,50.35
9.9018,3.931,69,50.35
9.9018,5.625,69,50.35
9.9018,4.848,69,50.35
9.9018,4.642,69,50.35
9.9018,5.571,69,50.35
9.9018,4.866,69,50.35
9.9018,5.014,69,50.35
9.9018,4.963,69,50.35
9.9018,5.146,69,50.35
9.9018,5.341,69,50.35
9.9018,5.388,69,50.35
9.9018,4.804,69,50.35
9.9018,5.012,69,50.35
9.9018,5.006,69,50.35
9.9018,5.17,69,50.35
9.9018,5.267,69,50.35
9.9018,4.423,69,50.35
9.9018,5.034,69,50.35
9.9018,5.332,69,50.35
9.9018,4.837,69,50.35
9.9018,4.981,69,50.35
9.9018,4.597,69,50.35
9.9018,5.025,69,50.35
9.9018,4.217,69,50.35
9.9018,4.912,69,50.35
9.9018,4.989,69,50.35
9.9018,5.379,69,50.35
9.9018,4.531,69,50.35
9.9018,5.116,69,50.35
9.9018,4.827,69,50.35
9.9018,4.318,69,50.35
9.9018,4.777,69,50.35
9.9018,5.015,69,50.35
9.9018,5.096,69,50.35
9.9018,5.422,69,50.35
9.9018,5.579,69,50.35
9.9018,6.317,69,50.35
9.9018,6.896,69,50.35
9.9018,6.938,69,50.35
9.9018,8.364,69,50.35
9.9862,7.159,70,50.06
9.9862,9.304,70,50.06
10.0,9.241,71,50.01
10.0,9.295,72,50.01
10.0,8.735,73,50.01
10.0,11.522,74,50.01
10.0,9.558,75,50.01
10.0,9.659,76,50.01
10.0,12.021,77,50.01
10.0,11.995,78,50.01
10.0,12.848,79,50.01
10.0,11.183,80,50.01
10.0,11.212,81,50.01
10.0,14.113,82,50.01
10.0,12.439,83,50.01
10.0,15.107,84,50.01
10.0,4.703,85,50.01
10.0,5.014,85,50.01
10.0,4.958,85,50.01
10.0,5.247,85,50.01
10.0,4.583,85,50.01
10.0,4.835,85,50.01
10.0,5.178,85,50.01
10.0,4.388,85,50.01
10.0,5.294,85,50.01
10.0,5.253,85,50.01
10.0,5.132,85,50.01
10.0,4.807,85,50.01
10.0,5.592,85,50.01
10.0,5.526,85,50.01
10.0,5.141,85,50.01
10.0,5.048,85,50.01
10.0,5.33,85,50.01
10.0,4.708,85,50.01
0.0,5.136,0,100.0
0.0,4.85,0,100.0
0.0,5.152,0,100.0
0.0,5.577,0,100.0
0.0,4.338,0,100.0
0.0,4.592,0,100.0
0.0,4.89,0,100.0
0.0,5.248,0,100.0
0.0,5.126,0,100.0
0.0,5.246,0,100.0
0.0,4.854,0,100.0
0.0,5.014,0,100.0
0.0,5.418,0,100.0
0.0,5.081,0,100.0
0.0,5.194,0,100.0
0.0,4.999,0,100.0
0.0,4.777,0,100.0
0.0,5.271,0,100.0
0.0,5.39,0,100.0
0.0,5.041,0,100.0
0.0,4.656,0,100.0
0.0,39.608,0,100.0
0.4593,5.5,1,96.87
0.4593,-7.598,1,96.87
0.4593,-7.107,1,96.87
0.4593,-5.9,1,96.87
0.4593,-1.839,1,96.87
0.4593,-9.925,1,96.87
0.4593,36.355,1,96.87
0.8796,35.938,2,94.09
1.2949,4.363,3,91.42
1.2949,5.091,3,91.42
1.2949,6.124,3,91.42
1.2949,5.574,3,91.42
1.2949,4.94,3,91.42
1.2949,5.025,3,91.42
1.2949,4.837,3,91.42
1.2949,4.383,3,91.42
1.2949,4.889,3,91.42
1.2949,5.003,3,91.42
1.2949,5.072,3,91.42
1.2949,5.491,3,91.42
1.2949,5.198,3,91.42
1.2949,5.497,3,91.42
1.2949,5.246,3,91.42
1.2949,5.208,3,91.42
1.2949,5.28,3,91.42
1.2949,4.682,3,91.42
1.2949,4.891,3,91.42
1.2949,4.904,3,91.42
1.2949,5.032,3,91.42
1.2949,4.855,3,91.42
1.2949,4.605,3,91.42
1.2949,5.001,3,91.42
1.2949,4.906,3,91.42
1.2949,4.892,3,91.42
1.2949,4.961,3,91.42
1.2949,4.161,3,91.42
1.2949,4.895,3,91.42
1.2949,5.553,3,91.42
1.2949,5.515,3,91.42
1.2949,5.015,3,91.42
1.2949,5.002,3,91.42
1.2949,4.072,3,91.42
1.2949,4.783,3,91.42
1.2949,5.276,3,91.42
1.2949,4.846,3,91.42
1.2949,5.412,3,91.42
1.2949,4.499,3,91.42
1.2949,-1.249,3,91.42
1.2949,5.499,3,91.42
1.2949,27.204,3,91.42
1.6053,31.916,4,89.47
1.9723,-2.895,5,87.22
1.9723,-3.984,5,87.22
1.9723,26.683,5,87.22
2.2765,36.879,6,85.41
2.703,4.5,7,82.92
2.703,32.154,7,82.92
3.0728,23.189,8,80.82
3.3351,38.101,9,79.36
3.7763,4.944,10,76.97
3.7763,5.403,10,76.97
3.7763,5.3,10,76.97
3.7763,5.784,10,76.97
3.7763,4.629,10,76.97
3.7763,4.577,10,76.97
3.7763,4.806,10,76.97
3.7763,4.959,10,76.97
3.7763,4.73,10,76.97
3.7763,4.648,10,76.97
3.7763,5.119,10,76.97
3.7763,4.804,10,76.97
3.7763,4.715,10,76.97
3.7763,4.449,10,76.97
3.7763,4.1,10,76.97
3.7763,5.53,10,76.97
3.7763,5.516,10,76.97
3.7763,5.313,10,76.97
3.7763,5.21,10,76.97
3.7763,4.769,10,76.97
3.7763,4.763,10,76.97
3.7763,5.241,10,76.97
3.7763,5.884,10,76.97
3.7763,6.349,10,76.97
3.7763,6.818,10,76.97
3.7763,7.297,10,76.97
3.7763,7.487,10,76.97
3.7763,7.969,10,76.97
3.7763,8.196,10,76.97
3.8587,7.816,11,76.54
3.8587,9.132,11,76.54
3.9523,10.355,12,76.04
4.0606,11.513,13,75.47
4.1828,9.361,14,74.84
4.2791,12.309,15,74.34
4.4108,9.969,16,73.66
4.5144,10.145,17,73.14
4.6201,12.369,18,72.6
4.7525,13.675,19,71.94
4.9006,12.637,20,71.2
5.0362,11.724,21,70.54
5.1609,14.286,22,69.93
5.3163,16.075,23,69.18
5.4932,16.532,24,68.34
5.6756,15.04,25,67.48
5.8401,16.542,26,66.72
6.0226,15.279,27,65.88
6.1899,18.835,28,65.12
6.3999,19.48,29,64.18
6.6177,17.3,30,63.22
6.8093,5.0,31,62.38
6.8093,5.931,31,62.38
6.8093,6.925,31,62.38
6.8093,7.807,31,62.38
6.8093,10.522,31,62.38
6.9196,10.129,32,61.91
7.0252,8.088,33,61.46
7.1063,8.595,34,61.11
7.1934,6.987,35,60.74
7.1934,7.456,35,60.74
7.1934,7.378,35,60.74
7.1934,7.186,35,60.74
7.1934,7.471,35,60.74
7.1934,6.04,35,60.74
7.1934,5.9,35,60.74
7.1934,5.56,35,60.74
7.1934,6.373,35,60.74
7.1934,5.073,35,60.74
7.1934,5.494,35,60.74
7.1934,5.379,35,60.74
7.1934,5.839,35,60.74
7.1934,6.072,35,60.74
7.1934,6.923,35,60.74
7.1934,6.945,35,60.74
7.1934,8.928,35,60.74
7.2845,8.99,36,60.36
7.3764,7.77,37,59.98
7.3764,8.627,37,59.98
7.4639,9.776,38,59.62
7.5652,11.448,39,59.2
7.6866,12.257,40,58.7
7.8177,10.19,41,58.17
7.924,10.875,42,57.75
8.0385,10.811,43,57.29
8.1522,13.125,44,56.84
8.2937,13.798,45,56.28
8.4433,11.419,46,55.7
8.5643,13.581,47,55.24
8.7113,16.273,48,54.68
8.8906,13.992,49,54.0
9.0425,4.942,50,53.44
9.0425,5.93,50,53.44
9.0425,4.877,50,53.44
9.0425,4.87,50,53.44
9.0425,4.958,50,53.44
9.0425,5.587,50,53.44
9.0425,5.92,50,53.44
9.0425,5.714,50,53.44
9.0425,5.385,50,53.44
9.0425,4.658,50,53.44
9.0425,5.395,50,53.44
9.0425,4.485,50,53.44
9.0425,4.429,50,53.44
9.0425,5.044,50,53.44
9.0425,4.995,50,53.44
9.0425,4.924,50,53.44
9.0425,5.838,50,53.44
9.0425,4.844,50,53.44
9.0425,5.18,50,53.44
9.0425,5.046,50,53.44
9.0425,5.311,50,53.44
9.0425,5.351,50,53.44
9.0425,5.131,50,53.44
9.0425,4.753,50,53.44
9.0425,4.751,50,53.44
9.0425,4.859,50,53.44
9.0425,5.129,50,53.44
9.0425,5.285,50,53.44
9.0425,4.773,50,53.44
9.0425,5.53,50,53.44
9.0425,4.915,50,53.44
9.0425,4.157,50,53.44
9.0425,5.799,50,53.44
9.0425,5.027,50,53.44
9.0425,5.358,50,53.44
9.0425,4.327,50,53.44
9.0425,4.714,50,53.44
9.0425,4.874,50,53.44
9.0425,-1.102,50,53.44
9.0425,-5.391,50,53.44
9.0425,5.498,50,53.44
9.0425,-4.318,50,53.44
9.0425,-1.634,50,53.44
9.0425,4.501,50,53.44
9.0425,5.5,50,53.44
9.0425,26.826,50,53.44
9.3484,-0.612,51,52.32
9.3484,5.001,51,52.32
9.3484,23.043,51,52.32
9.6089,4.749,52,51.38
9.6089,5.309,52,51.38
9.6089,4.942,52,51.38
9.6089,5.056,52,51.38
9.6089,4.541,52,51.38
9.6089,4.746,52,51.38
9.6089,5.065,52,51.38
9.6089,4.365,52,51.38
9.6089,4.912,52,51.38
9.6089,4.995,52,51.38
9.6089,4.495,52,51.38
9.6089,5.412,52,51.38
9.6089,5.138,52,51.38
9.6089,4.939,52,51.38
9.6089,4.719,52,51.38
9.6089,4.352,52,51.38
9.6089,4.606,52,51.38
9.6089,4.445,52,51.38
9.6089,4.93,52,51.38
9.6089,5.151,52,51.38
9.6089,5.128,52,51.38
9.6089,5.631,52,51.38
9.6089,4.978,52,51.38
9.6089,5.506,52,51.38
9.6089,4.875,52,51.38
9.6089,5.203,52,51.38
9.6089,4.913,52,51.38
9.6089,5.115,52,51.38
9.6089,4.983,52,51.38
9.6089,4.729,52,51.38
9.6089,6.166,52,51.38
9.6089,5.13,52,51.38
9.6089,5.231,52,51.38
9.6089,5.305,52,51.38
9.6089,5.077,52,51.38
9.6089,4.062,52,51.38
9.6089,5.15,52,51.38
9.6089,4.512,52,51.38
9.6089,5.058,52,51.38
9.6089,5.113,52,51.38
9.6089,4.294,52,51.38
9.6089,5.003,52,51.38
9.6089,4.412,52,51.38
9.6089,4.034,52,51.38
9.6089,4.403,52,51.38
9.6089,4.952,52,51.38
9.6089,4.929,52,51.38
9.6089,4.797,52,51.38
9.6089,5.215,52,51.38
9.6089,4.905,52,51.38
9.6089,5.155,52,51.38
9.6089,5.0,52,51.38
9.6089,6.171,52,51.38
9.6089,6.812,52,51.38
9.6089,8.282,52,51.38
9.6923,10.709,53,51.09
9.8048,8.186,54,50.69
9.887,9.591,55,50.4
9.9861,8.006,56,50.06
10.0,7.108,57,50.01
10.0,7.051,57,50.01
10.0,6.45,57,50.01
10.0,7.221,57,50.01
10.0,6.644,57,50.01
10.0,6.485,57,50.01
10.0,6.298,57,50.01
10.0,6.925,57,50.01
10.0,5.347,57,50.01
10.0,6.339,57,50.01
10.0,5.425,57,50.01
10.0,5.763,57,50.01
10.0,5.178,57,50.01
10.0,5.039,57,50.01
10.0,4.742,57,50.01
10.0,4.771,57,50.01
10.0,5.077,57,50.01
10.0,5.013,57,50.01
10.0,4.691,57,50.01
10.0,4.845,57,50.01
10.0,5.203,57,50.01
10.0,5.268,57,50.01
10.0,4.769,57,50.01
10.0,4.803,57,50.01
10.0,4.69,57,50.01
10.0,4.737,57,50.01
10.0,5.44,57,50.01
10.0,5.684,57,50.01
10.0,4.588,57,50.01
10.0,4.53,57,50.01
10.0,4.748,57,50.01
10.0,4.579,57,50.01
10.0,4.513,57,50.01
10.0,4.633,57,50.01
10.0,4.819,57,50.01
10.0,4.482,57,50.01
10.0,5.448,57,50.01
10.0,4.461,57,50.01
10.0,5.0,57,50.01
10.0,6.451,57,50.01
10.0,7.953,57,50.01
10.0,8.032,57,50.01
10.0,8.983,58,50.01
10.0,8.58,59,50.01
10.0,9.825,60,50.01
10.0,7.535,61,50.01
10.0,7.919,61,50.01
10.0,6.817,61,50.01
10.0,8.566,61,50.01
10.0,6.579,62,50.01
10.0,6.181,62,50.01
10.0,7.015,62,50.01
10.0,6.096,62,50.01
10.0,6.303,62,50.01
10.0,6.742,62,50.01
10.0,5.272,62,50.01
10.0,5.199,62,50.01
10.0,5.62,62,50.01
10.0,5.468,62,50.01
10.0,5.752,62,50.01
10.0,5.705,62,50.01
10.0,4.777,62,50.01
10.0,5.074,62,50.01
10.0,5.193,62,50.01
10.0,4.873,62,50.01
10.0,4.859,62,50.01
10.0,4.706,62,50.01
10.0,-8.5,62,50.01
10.0,-3.4,62,50.01
10.0,39.157,62,50.01
10.0,-6.997,63,50.01
10.0,4.998,63,50.01
10.0,34.805,63,50.01
10.0,33.592,64,50.01
10.0,-2.234,65,50.01
10.0,5.0,65,50.01
10.0,5.902,65,50.01
10.0,8.023,65,50.01
10.0,10.814,66,50.01
10.0,8.069,67,50.01
10.0,8.53,68,50.01
10.0,9.966,69,50.01
10.0,7.608,70,50.01
10.0,8.417,70,50.01
10.0,7.159,71,50.01
10.0,7.445,71,50.01
10.0,7.273,71,50.01
10.0,6.012,71,50.01
10.0,6.349,71,50.01
10.0,5.802,71,50.01
10.0,4.535,71,50.01
10.0,4.679,71,50.01
10.0,5.038,71,50.01
10.0,4.128,71,50.01
10.0,4.279,71,50.01
10.0,4.636,71,50.01
10.0,5.8,71,50.01
10.0,5.098,71,50.01
10.0,4.738,71,50.01
10.0,4.59,71,50.01
10.0,4.519,71,50.01
10.0,4.766,71,50.01
10.0,4.744,71,50.01
10.0,4.906,71,50.01
10.0,5.194,71,50.01
10.0,4.965,71,50.01
10.0,5.319,71,50.01
10.0,4.877,71,50.01
10.0,5.679,71,50.01
10.0,5.308,71,50.01
10.0,5.195,71,50.01
10.0,4.776,71,50.01
10.0,4.899,71,50.01
10.0,4.884,71,50.01
10.0,4.693,71,50.01
10.0,4.456,71,50.01
10.0,5.218,71,50.01
10.0,5.386,71,50.01
10.0,5.157,71,50.01
10.0,4.963,71,50.01
10.0,5.886,71,50.01
0.0,5.174,0,100.0
0.0,4.438,0,100.0
0.0,4.962,0,100.0
0.0,5.476,0,100.0
0.0,4.494,0,100.0
0.0,5.264,0,100.0
0.0,5.636,0,100.0
0.0,4.989,0,100.0
0.0,5.233,0,100.0
0.0,5.006,0,100.0
0.0,5.052,0,100.0
0.0,4.467,0,100.0
0.0,5.226,0,100.0
0.0,5.082,0,100.0
0.0,5.523,0,100.0
0.0,5.264,0,100.0
0.0,5.045,0,100.0
0.0,4.815,0,100.0
0.0,4.603,0,100.0
0.0,5.369,0,100.0
0.0,5.767,0,100.0
0.0,5.264,0,100.0
0.0,5.041,0,100.0
0.0,5.307,0,100.0
0.0,5.464,0,100.0
0.0,5.147,0,100.0
0.0,4.803,0,100.0
0.0,4.759,0,100.0
0.0,4.421,0,100.0
0.0,5.109,0,100.0
0.0,4.876,0,100.0
0.0,5.386,0,100.0
0.0,5.212,0,100.0
0.0,4.863,0,100.0
0.0,4.209,0,100.0
0.0,5.023,0,100.0
0.0,4.986,0,100.0
0.0,4.138,0,100.0
0.0,5.155,0,100.0
0.0,5.063,0,100.0
0.0,5.311,0,100.0
0.0,4.813,0,100.0
0.0,5.187,0,100.0
0.0,5.252,0,100.0
0.0,5.328,0,100.0
0.0,5.314,0,100.0
0.0,4.678,0,100.0
0.0,5.617,0,100.0
0.0,4.314,0,100.0
0.0,5.309,0,100.0
0.0,4.795,0,100.0
0.0,4.581,0,100.0
0.0,5.085,0,100.0
0.0,5.199,0,100.0
0.0,5.079,0,100.0
0.0,4.896,0,100.0
0.0,5.043,0,100.0
0.0,5.309,0,100.0
0.0,5.018,0,100.0
0.0,5.027,0,100.0
0.0,5.077,0,100.0
0.0,4.79,0,100.0
0.0,5.427,0,100.0
0.0,5.935,0,100.0
0.0,5.13,0,100.0
0.0,4.859,0,100.0
0.0,5.339,0,100.0
0.0,5.504,0,100.0
0.0,4.867,0,100.0
0.0,5.158,0,100.0
0.0,4.722,0,100.0
0.0,5.375,0,100.0
0.0,5.051,0,100.0
0.0,5.293,0,100.0
0.0,4.5,0,100.0
0.0,-5.573,0,100.0
0.0,5.501,0,100.0
0.0,5.501,0,100.0
0.0,39.055,0,100.0
0.4527,30.144,1,96.91
0.7984,-8.1,2,94.62
0.7984,4.5,2,94.62
0.7984,33.767,2,94.62
1.1876,-9.06,3,92.1
1.1876,5.0,3,92.1
1.1876,5.884,3,92.1
1.1876,6.826,3,92.1
1.1876,9.465,3,92.1
1.2852,9.461,4,91.48
1.3827,9.835,5,90.86
1.4847,8.697,6,90.22
1.5731,9.702,7,89.67
1.6735,8.258,8,89.05
1.7566,6.592,9,88.54
1.7566,7.201,9,88.54
1.7566,7.81,9,88.54
1.7566,7.113,9,88.54
1.7566,5.877,9,88.54
1.7566,6.119,9,88.54
1.7566,5.483,9,88.54
1.7566,5.478,9,88.54
1.7566,6.519,9,88.54
1.7566,5.759,9,88.54
1.7566,5.248,9,88.54
1.7566,5.249,9,88.54
1.7566,5.31,9,88.54
1.7566,5.158,9,88.54
1.7566,4.918,9,88.54
1.7566,5.22,9,88.54
1.7566,4.686,9,88.54
1.7566,4.922,9,88.54
1.7566,5.316,9,88.54
1.7566,4.914,9,88.54
1.7566,4.818,9,88.54
1.7566,4.564,9,88.54
1.7566,5.363,9,88.54
1.7566,3.774,9,88.54
1.7566,5.754,9,88.54
1.7566,4.206,9,88.54
1.7566,5.005,9,88.54
1.7566,5.111,9,88.54
1.7566,5.145,9,88.54
1.7566,5.911,9,88.54
1.7566,4.368,9,88.54
1.7566,5.457,9,88.54
1.7566,4.829,9,88.54
1.7566,5.371,9,88.54
1.7566,4.7,9,88.54
1.7566,4.878,9,88.54
1.7566,4.644,9,88.54
1.7566,5.148,9,88.54
1.7566,5.774,9,88.54
1.7566,5.516,9,88.54
1.7566,5.331,9,88.54
1.7566,5.548,9,88.54
1.7566,5.198,9,88.54
1.7566,4.885,9,88.54
1.7566,5.894,9,88.54
1.7566,5.168,9,88.54
1.7566,5.456,9,88.54
1.7566,4.047,9,88.54
1.7566,4.112,9,88.54
1.7566,5.068,9,88.54
1.7566,4.639,9,88.54
1.7566,5.104,9,88.54
1.7566,4.803,9,88.54
1.7566,6.107,9,88.54
1.7566,5.42,9,88.54
1.7566,5.592,9,88.54
1.7566,4.178,9,88.54
1.7566,5.325,9,88.54
1.7566,4.929,9,88.54
1.7566,5.601,9,88.54
1.7566,5.261,9,88.54
1.7566,4.985,9,88.54
1.7566,4.526,9,88.54
1.7566,5.06,9,88.54
1.7566,5.484,9,88.54
1.7566,5.628,9,88.54
1.7566,6.013,9,88.54
1.7566,5.448,9,88.54
1.7566,4.647,9,88.54
1.7566,4.56,9,88.54
1.7566,4.954,9,88.54
1.7566,4.858,9,88.54
1.7566,5.202,9,88.54
1.7566,5.017,9,88.54
1.7566,4.891,9,88.54
1.7566,4.387,9,88.54
1.7566,5.274,9,88.54
1.7566,4.356,9,88.54
1.7566,5.449,9,88.54
1.7566,4.216,9,88.54
1.7566,4.336,9,88.54
1.7566,4.645,9,88.54
1.7566,4.823,9,88.54
1.7566,4.742,9,88.54
1.7566,4.822,9,88.54
1.7566,5.0,9,88.54
1.7566,6.003,9,88.54
1.7566,6.927,9,88.54
1.7566,7.795,9,88.54
1.7566,9.268,9,88.54
1.8518,8.767,10,87.96
1.941,9.064,11,87.41
2.0338,7.2,12,86.85
2.0338,6.899,12,86.85
2.0338,7.55,12,86.85
2.0338,7.014,12,86.85
2.0338,7.88,12,86.85
2.0338,5.798,12,86.85
2.0338,6.867,12,86.85
2.0338,6.448,12,86.85
2.0338,5.86,12,86.85
2.0338,6.035,12,86.85
2.0338,6.517,12,86.85
2.0338,5.751,12,86.85
2.0338,4.89,12,86.85
2.0338,5.187,12,86.85
2.0338,5.106,12,86.85
2.0338,5.146,12,86.85
2.0338,38.442,12,86.85
2.4791,5.5,13,84.21
2.4791,-3.095,13,84.21
2.4791,32.541,13,84.21
2.8536,4.5,14,82.06
2.8536,29.866,14,82.06
3.196,-7.502,15,80.13
3.196,5.001,15,80.13
3.196,27.291,15,80.13
3.5075,33.587,16,78.42
3.8945,-7.148,17,76.35
3.8945,5.403,17,76.35
3.8945,5.487,17,76.35
3.8945,5.609,17,76.35
3.8945,5.362,17,76.35
3.8945,4.759,17,76.35
3.8945,5.086,17,76.35
3.8945,5.049,17,76.35
3.8945,5.004,17,76.35
3.8945,5.222,17,76.35
3.8945,4.914,17,76.35
3.8945,4.914,17,76.35
3.8945,5.757,17,76.35
3.8945,4.972,17,76.35
3.8945,5.433,17,76.35
3.8945,5.459,17,76.35
3.8945,5.098,17,76.35
3.8945,4.93,17,76.35
3.8945,4.654,17,76.35
3.8945,5.246,17,76.35
3.8945,5.192,17,76.35
3.8945,5.0,17,76.35
3.8945,5.965,17,76.35
3.8945,8.443,17,76.35
3.9798,9.161,18,75.9
4.0737,8.668,19,75.4
4.1617,10.102,20,74.95
4.2669,10.171,21,74.4
4.3729,9.609,22,73.86
4.4722,7.776,23,73.35
4.4722,7.026,23,73.35
4.4722,7.913,23,73.35
4.4722,6.515,23,73.35
4.4722,6.535,23,73.35
4.4722,7.004,23,73.35
4.4722,6.637,23,73.35
4.4722,6.306,23,73.35
4.4722,5.946,23,73.35
4.4722,5.665,23,73.35
4.4722,5.415,23,73.35
4.4722,5.565,23,73.35
4.4722,5.082,23,73.35
4.4722,4.641,23,73.35
4.4722,4.921,23,73.35
4.4722,4.468,23,73.35
4.4722,5.329,23,73.35
4.4722,4.843,23,73.35
4.4722,4.728,23,73.35
4.4722,5.372,23,73.35
4.4722,5.663,23,73.35
4.4722,4.727,23,73.35
4.4722,5.085,23,73.35
4.4722,4.938,23,73.35
4.4722,5.586,23,73.35
4.4722,4.983,23,73.35
4.4722,4.606,23,73.35
4.4722,5.002,23,73.35
4.4722,5.483,23,73.35
4.4722,4.914,23,73.35
4.4722,4.766,23,73.35
4.4722,4.965,23,73.35
4.4722,4.617,23,73.35
4.4722,4.937,23,73.35
4.4722,4.795,23,73.35
4.4722,26.494,23,73.35
4.7741,37.49,24,71.83
5.208,39.836,25,69.7
5.67,-4.435,26,67.51
5.67,5.499,26,67.51
5.67,-2.592,26,67.51
5.67,29.082,26,67.51
6.003,22.049,27,65.97
6.2516,28.014,28,64.84
6.5718,-5.4,29,63.42
6.5718,34.721,29,63.42
6.9724,-9.069,30,61.68
6.9724,5.398,30,61.68
6.9724,4.406,30,61.68
6.9724,4.297,30,61.68
6.9724,5.515,30,61.68
6.9724,4.488,30,61.68
6.9724,4.975,30,61.68
6.9724,5.56,30,61.68
6.9724,5.198,30,61.68
6.9724,5.157,30,61.68
6.9724,5.343,30,61.68
6.9724,5.334,30,61.68
6.9724,5.084,30,61.68
6.9724,5.16,30,61.68
6.9724,5.121,30,61.68
6.9724,4.98,30,61.68
6.9724,4.97,30,61.68
6.9724,4.943,30,61.68
6.9724,5.046,30,61.68
6.9724,5.416,30,61.68
6.9724,5.07,30,61.68
6.9724,5.072,30,61.68
6.9724,4.852,30,61.68
6.9724,4.932,30,61.68
6.9724,4.494,30,61.68
6.9724,4.479,30,61.68
6.9724,4.815,30,61.68
6.9724,4.839,30,61.68
6.9724,4.906,30,61.68
6.9724,5.557,30,61.68
6.9724,5.259,30,61.68
6.9724,4.289,30,61.68
6.9724,5.464,30,61.68
6.9724,4.812,30,61.68
6.9724,5.3,30,61.68
6.9724,4.843,30,61.68
6.9724,5.046,30,61.68
6.9724,4.521,30,61.68
6.9724,5.133,30,61.68
6.9724,5.349,30,61.68
6.9724,4.353,30,61.68
6.9724,5.356,30,61.68
6.9724,4.722,30,61.68
6.9724,5.701,30,61.68
6.9724,5.308,30,61.68
6.9724,5.231,30,61.68
6.9724,4.934,30,61.68
6.9724,6.054,30,61.68
6.9724,4.814,30,61.68
6.9724,4.596,30,61.68
6.9724,4.736,30,61.68
6.9724,5.426,30,61.68
6.9724,5.038,30,61.68
6.9724,4.977,30,61.68
6.9724,4.82,30,61.68
6.9724,5.22,30,61.68
6.9724,5.352,30,61.68
6.9724,5.6,30,61.68
6.9724,6.011,30,61.68
6.9724,6.581,30,61.68
6.9724,6.25,30,61.68
6.9724,7.128,30,61.68
6.9724,6.995,30,61.68
6.9724,8.65,30,61.68
7.0602,8.259,31,61.31
7.1433,8.273,32,60.96
7.2266,11.383,33,60.6
7.3472,11.377,34,60.1
7.4677,9.364,35,59.6
7.5641,10.655,36,59.2
7.676,13.254,37,58.75
7.819,13.788,38,58.17
7.9685,12.304,39,57.57
8.1001,12.957,40,57.04
8.2396,11.722,41,56.5
8.3643,11.008,42,56.01
8.4804,5.05,43,55.56
8.4804,4.644,43,55.56
8.4804,5.253,43,55.56
8.4804,6.224,43,55.56
8.4804,4.497,43,55.56
8.4804,5.612,43,55.56
8.4804,5.229,43,55.56
8.4804,4.729,43,55.56
8.4804,4.242,43,55.56
8.4804,4.103,43,55.56
8.4804,4.785,43,55.56
8.4804,5.159,43,55.56
8.4804,5.358,43,55.56
8.4804,5.456,43,55.56
8.4804,5.121,43,55.56
8.4804,5.057,43,55.56
8.4804,4.867,43,55.56
8.4804,5.169,43,55.56
8.4804,4.735,43,55.56
8.4804,4.516,43,55.56
8.4804,5.031,43,55.56
8.4804,5.323,43,55.56
8.4804,4.437,43,55.56
8.4804,4.785,43,55.56
8.4804,5.016,43,55.56
8.4804,5.008,43,55.56
8.4804,5.218,43,55.56
8.4804,5.755,43,55.56
8.4804,4.106,43,55.56
8.4804,5.778,43,55.56
8.4804,5.732,43,55.56
8.4804,5.365,43,55.56
8.4804,5.09,43,55.56
8.4804,4.742,43,55.56
8.4804,5.359,43,55.56
8.4804,5.111,43,55.56
8.4804,4.875,43,55.56
8.4804,5.348,43,55.56
0.0,4.647,0,100.0
0.0,5.343,0,100.0
0.0,5.645,0,100.0
0.0,6.612,0,100.0
0.0,6.624,0,100.0
0.0,6.765,0,100.0
0.0,7.488,0,100.0
0.0,7.673,0,100.0
0.0,8.866,0,100.0
0.0904,9.33,1,99.38
0.1864,8.857,2,98.72
0.2767,9.992,3,98.1
0.3806,10.5,4,97.4
0.4906,11.449,5,96.66
0.612,11.327,6,95.85
0.7319,13.134,7,95.05
0.8735,12.667,8,94.13
1.0095,11.062,9,93.24
1.1262,13.218,10,92.49
1.2688,15.371,11,91.58
1.4373,12.806,12,90.52
1.575,13.588,13,89.66
1.7221,16.48,14,88.75
1.9039,17.022,15,87.64
2.0922,15.799,16,86.5
2.2658,13.141,17,85.47
2.4075,4.887,18,84.63
2.4075,5.512,18,84.63
2.4075,6.383,18,84.63
2.4075,5.929,18,84.63
2.4075,6.882,18,84.63
2.4075,7.431,18,84.63
2.4075,7.369,18,84.63
2.4075,8.769,18,84.63
2.4967,8.808,19,84.11
2.5864,8.945,20,83.59
2.6777,8.602,21,83.06
2.7649,9.392,22,82.56
2.8616,8.984,23,82.01
2.9534,9.229,24,81.49
3.0481,10.599,25,80.96
3.1593,9.897,26,80.34
3.2621,13.206,27,79.77
3.4046,11.752,28,78.98
3.5296,14.713,29,78.3
3.6902,13.423,30,77.44
3.8353,15.121,31,76.66
4.0007,14.191,32,75.79
4.155,12.402,33,74.98
4.2878,12.133,34,74.29
4.4174,17.912,35,73.63
4.6163,17.216,36,72.62
4.8069,5.73,37,71.67
4.8069,5.531,37,71.67
4.8069,5.805,37,71.67
4.8069,4.594,37,71.67
4.8069,5.312,37,71.67
4.8069,4.972,37,71.67
4.8069,5.303,37,71.67
4.8069,4.483,37,71.67
4.8069,5.094,37,71.67
4.8069,5.646,37,71.67
4.8069,5.115,37,71.67
4.8069,4.733,37,71.67
4.8069,4.67,37,71.67
4.8069,5.133,37,71.67
4.8069,5.275,37,71.67
4.8069,5.097,37,71.67
4.8069,4.855,37,71.67
4.8069,5.398,37,71.67
4.8069,5.526,37,71.67
4.8069,6.377,37,71.67
4.8069,6.752,37,71.67
4.8069,6.567,37,71.67
4.8069,7.378,37,71.67
4.8069,8.365,37,71.67
4.8913,8.838,38,71.25
4.9814,8.633,39,70.81
5.069,9.004,40,70.38
5.1611,8.774,41,69.93
5.2504,9.537,42,69.5
5.3488,10.606,43,69.03
5.4601,9.815,44,68.5
5.5619,12.515,45,68.02
5.6961,13.858,46,67.39
5.8464,12.254,47,66.69
5.9774,10.714,48,66.08
6.09,10.631,49,65.57
6.2016,4.455,50,65.07
6.2016,4.671,50,65.07
6.2016,4.528,50,65.07
6.2016,5.423,50,65.07
6.2016,4.917,50,65.07
6.2016,4.833,50,65.07
6.2016,5.465,50,65.07
6.2016,5.442,50,65.07
6.2016,4.863,50,65.07
6.2016,5.128,50,65.07
6.2016,4.781,50,65.07
6.2016,4.975,50,65.07
6.2016,4.59,50,65.07
6.2016,5.187,50,65.07
6.2016,5.483,50,65.07
6.2016,5.571,50,65.07
6.2016,4.335,50,65.07
6.2016,5.102,50,65.07
6.2016,4.634,50,65.07
6.2016,5.246,50,65.07
6.2016,4.82,50,65.07
6.2016,4.57,50,65.07
6.2016,4.806,50,65.07
6.2016,5.439,50,65.07
6.2016,5.364,50,65.07
6.2016,5.445,50,65.07
6.2016,5.104,50,65.07
6.2016,5.194,50,65.07
6.2016,4.662,50,65.07
6.2016,5.349,50,65.07
6.2016,5.46,50,65.07
6.2016,4.438,50,65.07
6.2016,4.852,50,65.07
6.2016,4.741,50,65.07
6.2016,4.649,50,65.07
6.2016,5.043,50,65.07
6.2016,5.132,50,65.07
6.2016,4.804,50,65.07
6.2016,3.9,50,65.07
6.2016,4.875,50,65.07
6.2016,5.433,50,65.07
6.2016,4.233,50,65.07
6.2016,5.384,50,65.07
6.2016,4.693,50,65.07
6.2016,5.697,50,65.07
6.2016,4.777,50,65.07
6.2016,4.704,50,65.07
6.2016,4.456,50,65.07
6.2016,4.838,50,65.07
6.2016,4.913,50,65.07
6.2016,4.802,50,65.07
6.2016,4.767,50,65.07
6.2016,5.177,50,65.07
6.2016,4.823,50,65.07
6.2016,5.22,50,65.07
6.2016,5.376,50,65.07
6.2016,6.235,50,65.07
6.2016,5.194,50,65.07
6.2016,4.596,50,65.07
6.2016,4.798,50,65.07
6.2016,4.93,50,65.07
6.2016,5.435,50,65.07
6.2016,4.935,50,65.07
6.2016,5.454,50,65.07
6.2016,4.357,50,65.07
6.2016,5.066,50,65.07
6.2016,5.364,50,65.07
6.2016,5.234,50,65.07
6.2016,4.73,50,65.07
6.2016,5.008,50,65.07
6.2016,4.246,50,65.07
6.2016,5.022,50,65.07
6.2016,4.901,50,65.07
6.2016,4.568,50,65.07
6.2016,4.861,50,65.07
6.2016,5.675,50,65.07
6.2016,4.413,50,65.07
6.2016,5.103,50,65.07
6.2016,4.633,50,65.07
6.2016,5.168,50,65.07
6.2016,4.678,50,65.07
6.2016,3.918,50,65.07
6.2016,4.79,50,65.07
6.2016,5.066,50,65.07
6.2016,4.096,50,65.07
6.2016,4.629,50,65.07
6.2016,4.487,50,65.07
6.2016,4.887,50,65.07
6.2016,5.05,50,65.07
6.2016,4.385,50,65.07
6.2016,4.766,50,65.07
6.2016,4.757,50,65.07
6.2016,4.888,50,65.07
6.2016,36.253,50,65.07
6.6206,-9.933,51,63.2
6.6206,5.499,51,63.2
6.6206,-6.896,51,63.2
6.6206,29.906,51,63.2
6.9635,5.001,52,61.72
6.9635,-1.733,52,61.72
6.9635,32.157,52,61.72
7.3334,5.0,53,60.16
7.3334,6.791,53,60.16
7.3334,7.011,53,60.16
7.3334,7.104,53,60.16
7.3334,8.823,53,60.16
7.4233,9.753,54,59.78
7.5243,9.023,55,59.37
7.6166,9.095,56,58.99
7.7097,8.102,57,58.61
7.7909,7.52,58,58.28
7.7909,7.989,58,58.28
7.7909,7.596,58,58.28
7.7909,7.28,58,58.28
7.7909,6.359,58,58.28
7.7909,6.364,58,58.28
7.7909,6.063,58,58.28
7.7909,5.292,58,58.28
7.7909,5.702,58,58.28
7.7909,5.635,58,58.28
7.7909,5.767,58,58.28
7.7909,5.201,58,58.28
7.7909,5.228,58,58.28
7.7909,5.222,58,58.28
7.7909,4.942,58,58.28
7.7909,5.161,58,58.28
7.7909,5.166,58,58.28
7.7909,5.047,58,58.28
7.7909,5.037,58,58.28
7.7909,5.053,58,58.28
7.7909,5.093,58,58.28
7.7909,5.809,58,58.28
7.7909,6.293,58,58.28
7.7909,7.085,58,58.28
7.7909,7.53,58,58.28
7.7909,7.715,58,58.28
7.7909,7.721,58,58.28
7.7909,8.733,58,58.28
7.8797,10.016,59,57.92
7.9839,8.705,60,57.51
8.0724,8.76,61,57.15
8.1615,8.712,62,56.8
8.25,9.711,63,56.46
8.3505,11.33,64,56.06
8.4705,12.366,65,55.6
8.6029,10.815,66,55.09
8.7167,11.452,67,54.66
8.8381,5.0,68,54.2
8.8381,6.702,68,54.2
8.8381,7.956,68,54.2
8.8381,9.973,68,54.2
8.9418,8.635,69,53.81
9.0294,9.191,70,53.49
9.1237,7.79,71,53.14
9.1237,7.573,71,53.14
9.1237,8.725,71,53.14
9.2124,6.914,72,52.81
9.2124,6.356,72,52.81
9.2124,5.892,72,52.81
9.2124,7.031,72,52.81
9.2124,5.98,72,52.81
9.2124,6.023,72,52.81
9.2124,6.084,72,52.81
9.2124,6.764,72,52.81
9.2124,5.443,72,52.81
9.2124,5.256,72,52.81
9.2124,5.089,72,52.81
9.2124,5.687,72,52.81
9.2124,4.949,72,52.81
9.2124,4.984,72,52.81
9.2124,4.694,72,52.81
9.2124,4.815,72,52.81
9.2124,5.345,72,52.81
9.2124,4.719,72,52.81
9.2124,4.894,72,52.81
9.2124,4.749,72,52.81
9.2124,5.421,72,52.81
9.2124,5.809,72,52.81
9.2124,4.63,72,52.81
9.2124,5.252,72,52.81
9.2124,5.476,72,52.81
9.2124,4.949,72,52.81
9.2124,4.484,72,52.81
9.2124,5.535,72,52.81
9.2124,4.462,72,52.81
9.2124,5.666,72,52.81
9.2124,4.741,72,52.81
9.2124,4.409,72,52.81
9.2124,4.843,72,52.81
9.2124,5.021,72,52.81
9.2124,5.103,72,52.81
9.2124,5.288,72,52.81
9.2124,5.139,72,52.81
9.2124,5.766,72,52.81
9.2124,5.002,72,52.81
9.2124,5.161,72,52.81
9.2124,5.126,72,52.81
9.2124,4.367,72,52.81
9.2124,4.56,72,52.81
9.2124,5.055,72,52.81
9.2124,5.211,72,52.81
9.2124,4.227,72,52.81
9.2124,5.789,72,52.81
9.2124,4.725,72,52.81
9.2124,4.747,72,52.81
9.2124,5.055,72,52.81
9.2124,4.58,72,52.81
9.2124,4.515,72,52.81
9.2124,6.051,72,52.81
9.2124,5.287,72,52.81
9.2124,4.224,72,52.81
9.2124,5.513,72,52.81
9.2124,4.72,72,52.81
9.2124,4.575,72,52.81
9.2124,4.98,72,52.81
9.2124,4.704,72,52.81
9.2124,5.209,72,52.81
9.2124,4.929,72,52.81
9.2124,4.943,72,52.81
9.2124,5.188,72,52.81
9.2124,4.941,72,52.81
9.2124,4.687,72,52.81
9.2124,5.308,72,52.81
9.2124,5.182,72,52.81
9.2124,5.018,72,52.81
9.2124,5.374,72,52.81
9.2124,4.96,72,52.81
9.2124,5.091,72,52.81
9.2124,5.113,72,52.81
9.2124,4.706,72,52.81
9.2124,6.138,72,52.81
9.2124,5.0,72,52.81
9.2124,5.835,72,52.81
9.2124,8.374,72,52.81
9.2969,8.401,73,52.5
9.3817,9.6,74,52.2
9.4809,10.488,75,51.84
9.5908,8.566,76,51.45
9.6776,8.82,77,51.14
9.7674,7.914,78,50.82
9.7674,7.577,78,50.82
9.7674,6.777,78,50.82
9.7674,7.385,78,50.82
9.7674,6.34,78,50.82
9.7674,7.205,78,50.82
9.7674,5.536,78,50.82
9.7674,6.257,78,50.82
9.7674,4.514,78,50.82
9.7674,5.017,78,50.82
9.7674,4.803,78,50.82
9.7674,5.619,78,50.82
9.7674,5.289,78,50.82
9.7674,4.932,78,50.82
9.7674,4.578,78,50.82
9.7674,4.98,78,50.82
9.7674,4.701,78,50.82
9.7674,5.12,78,50.82
9.7674,3.95,78,50.82
9.7674,5.064,78,50.82
9.7674,5.161,78,50.82
9.7674,4.878,78,50.82
9.7674,4.902,78,50.82
9.7674,4.707,78,50.82
9.7674,5.073,78,50.82
9.7674,4.88,78,50.82
9.7674,5.493,78,50.82
9.7674,4.916,78,50.82
9.7674,5.092,78,50.82
9.7674,4.55,78,50.82
9.7674,5.857,78,50.82
9.7674,4.69,78,50.82
9.7674,5.113,78,50.82
9.7674,4.945,78,50.82
9.7674,4.932,78,50.82
9.7674,4.965,78,50.82
9.7674,5.74,78,50.82
9.7674,4.066,78,50.82
9.7674,6.096,78,50.82
9.7674,4.676,78,50.82
9.7674,4.703,78,50.82
9.7674,4.861,78,50.82
9.7674,4.251,78,50.82
9.7674,5.004,78,50.82
9.7674,5.158,78,50.82
9.7674,5.286,78,50.82
9.7674,5.657,78,50.82
9.7674,4.563,78,50.82
9.7674,5.666,78,50.82
9.7674,5.225,78,50.82
9.7674,4.589,78,50.82
9.7674,4.515,78,50.82
9.7674,5.161,78,50.82
9.7674,5.128,78,50.82
9.7674,5.119,78,50.82
9.7674,5.563,78,50.82
9.7674,5.494,78,50.82
9.7674,5.022,78,50.82
9.7674,4.835,78,50.82
9.7674,4.71,78,50.82
9.7674,4.435,78,50.82
9.7674,4.577,78,50.82
9.7674,4.361,78,50.82
9.7674,5.716,78,50.82
9.7674,5.128,78,50.82
9.7674,5.265,78,50.82
9.7674,4.353,78,50.82
9.7674,4.362,78,50.82
9.7674,4.584,78,50.82
9.7674,5.541,78,50.82
9.7674,4.81,78,50.82
9.7674,4.105,78,50.82
9.7674,4.873,78,50.82
0.0,5.129,0,100.0
0.0,4.559,0,100.0
0.0,5.005,0,100.0
0.0,5.316,0,100.0
0.0,4.426,0,100.0
0.0,4.577,0,100.0
0.0,5.141,0,100.0
0.0,5.159,0,100.0
0.0,5.48,0,100.0
0.0,5.027,0,100.0
0.0,5.046,0,100.0
0.0,4.665,0,100.0
0.0,5.495,0,100.0
0.0,5.523,0,100.0
0.0,4.978,0,100.0
0.0,4.709,0,100.0
0.0,4.974,0,100.0
0.0,5.01,0,100.0
0.0,4.696,0,100.0
0.0,4.748,0,100.0
0.0,5.524,0,100.0
0.0,5.207,0,100.0
0.0,4.904,0,100.0
0.0,4.602,0,100.0
0.0,4.753,0,100.0
0.0,4.375,0,100.0
0.0,5.094,0,100.0
0.0,4.733,0,100.0
0.0,5.125,0,100.0
0.0,5.298,0,100.0
0.0,5.131,0,100.0
0.0,4.857,0,100.0
0.0,4.678,0,100.0
0.0,4.55,0,100.0
0.0,5.479,0,100.0
0.0,5.113,0,100.0
0.0,4.878,0,100.0
0.0,5.241,0,100.0
0.0,5.405,0,100.0
0.0,5.051,0,100.0
0.0,5.896,0,100.0
0.0,5.989,0,100.0
0.0,6.553,0,100.0
0.0,6.433,0,100.0
0.0,7.622,0,100.0
0.0,7.977,0,100.0
0.0,8.516,0,100.0
0.0862,8.953,1,99.4
0.1776,9.967,2,98.78
0.2812,8.718,3,98.07
0.3698,9.846,4,97.47
0.4719,11.766,5,96.78
0.5971,10.254,6,95.95
0.7042,9.265,7,95.24
0.7994,12.13,8,94.61
0.929,11.88,9,93.76
1.0556,12.096,10,92.95
1.1848,13.621,11,92.12
1.3323,11.81,12,91.18
1.458,4.961,13,90.39
1.458,5.425,13,90.39
1.458,4.749,13,90.39
1.458,5.166,13,90.39
1.458,4.97,13,90.39
1.458,4.114,13,90.39
1.458,4.937,13,90.39
1.458,5.566,13,90.39
1.458,4.67,13,90.39
1.458,4.808,13,90.39
1.458,4.796,13,90.39
1.458,5.344,13,90.39
1.458,4.852,13,90.39
1.458,4.992,13,90.39
1.458,4.314,13,90.39
1.458,5.302,13,90.39
1.458,5.025,13,90.39
1.458,4.526,13,90.39
1.458,4.294,13,90.39
1.458,5.327,13,90.39
1.458,4.912,13,90.39
1.458,5.068,13,90.39
1.458,5.74,13,90.39
1.458,5.31,13,90.39
1.458,5.511,13,90.39
1.458,5.012,13,90.39
1.458,5.223,13,90.39
1.458,5.219,13,90.39
1.458,4.756,13,90.39
1.458,5.39,13,90.39
1.458,4.707,13,90.39
1.458,5.293,13,90.39
1.458,5.0,13,90.39
1.458,5.776,13,90.39
1.458,7.003,13,90.39
1.458,7.484,13,90.39
1.458,10.331,13,90.39
1.566,8.447,14,89.72
1.6514,9.174,15,89.19
1.7455,8.264,16,88.61
1.8287,7.702,17,88.1
1.8287,7.309,17,88.1
1.8287,6.184,17,88.1
1.8287,6.986,17,88.1
1.8287,7.049,17,88.1
1.8287,7.658,17,88.1
1.8287,6.957,17,88.1
1.8287,6.303,17,88.1
1.8287,6.544,17,88.1
1.8287,6.454,17,88.1
1.8287,5.316,17,88.1
1.8287,5.554,17,88.1
1.8287,5.291,17,88.1
1.8287,5.204,17,88.1
1.8287,5.428,17,88.1
1.8287,4.599,17,88.1
1.8287,4.663,17,88.1
1.8287,4.344,17,88.1
1.8287,5.127,17,88.1
1.8287,4.204,17,88.1
1.8287,5.848,17,88.1
1.8287,4.897,17,88.1
1.8287,5.355,17,88.1
1.8287,4.863,17,88.1
1.8287,5.12,17,88.1
1.8287,4.947,17,88.1
1.8287,5.552,17,88.1
1.8287,5.191,17,88.1
1.8287,4.845,17,88.1
1.8287,5.217,17,88.1
1.8287,4.523,17,88.1
1.8287,5.168,17,88.1
1.8287,5.78,17,88.1
1.8287,5.362,17,88.1
1.8287,5.282,17,88.1
1.8287,5.563,17,88.1
1.8287,5.082,17,88.1
1.8287,4.969,17,88.1
1.8287,5.012,17,88.1
1.8287,4.581,17,88.1
1.8287,5.089,17,88.1
1.8287,5.086,17,88.1
1.8287,4.749,17,88.1
1.8287,4.893,17,88.1
1.8287,5.193,17,88.1
1.8287,4.684,17,88.1
1.8287,4.305,17,88.1
1.8287,5.604,17,88.1
1.8287,5.117,17,88.1
1.8287,4.813,17,88.1
1.8287,4.732,17,88.1
1.8287,4.68,17,88.1
1.8287,4.492,17,88.1
1.8287,5.158,17,88.1
1.8287,5.157,17,88.1
1.8287,5.306,17,88.1
1.8287,4.849,17,88.1
1.8287,5.563,17,88.1
1.8287,5.319,17,88.1
1.8287,4.836,17,88.1
1.8287,4.714,17,88.1
1.8287,4.948,17,88.1
1.8287,4.823,17,88.1
1.8287,4.654,17,88.1
1.8287,5.03,17,88.1
1.8287,4.895,17,88.1
1.8287,5.671,17,88.1
1.8287,4.823,17,88.1
1.8287,4.711,17,88.1
1.8287,5.004,17,88.1
1.8287,5.104,17,88.1
1.8287,5.134,17,88.1
1.8287,5.131,17,88.1
1.8287,5.017,17,88.1
1.8287,4.989,17,88.1
1.8287,5.245,17,88.1
1.8287,4.621,17,88.1
1.8287,5.0,17,88.1
1.8287,6.364,17,88.1
1.8287,7.302,17,88.1
1.8287,9.94,17,88.1
1.932,8.551,18,87.47
2.0186,7.695,19,86.95
2.0186,9.152,19,86.95
2.1124,8.004,20,86.38
2.1924,7.035,21,85.9
2.1924,8.276,21,85.9
2.2757,6.945,22,85.41
2.2757,6.843,22,85.41
2.2757,6.353,22,85.41
2.2757,5.991,22,85.41
2.2757,7.052,22,85.41
2.2757,6.295,22,85.41
2.2757,5.653,22,85.41
2.2757,5.54,22,85.41
2.2757,5.777,22,85.41
2.2757,5.386,22,85.41
2.2757,5.455,22,85.41
2.2757,5.35,22,85.41
2.2757,5.036,22,85.41
2.2757,5.235,22,85.41
2.2757,5.998,22,85.41
2.2757,6.11,22,85.41
2.2757,6.46,22,85.41
2.2757,7.699,22,85.41
2.2757,7.563,22,85.41
2.2757,7.273,22,85.41
2.2757,7.964,22,85.41
2.2757,7.953,22,85.41
2.2757,10.358,22,85.41
2.384,10.152,23,84.77
2.4898,10.286,24,84.15
2.5972,10.727,25,83.53
2.7099,9.621,26,82.88
2.8094,11.042,27,82.31
2.9259,13.479,28,81.65
3.0716,10.837,29,80.83
3.1856,13.686,30,80.19
3.3338,13.949,31,79.37
3.4852,4.693,32,78.54
3.4852,4.462,32,78.54
3.4852,5.236,32,78.54
3.4852,4.751,32,78.54
3.4852,4.77,32,78.54
3.4852,5.153,32,78.54
3.4852,5.435,32,78.54
3.4852,5.394,32,78.54
3.4852,4.995,32,78.54
3.4852,5.971,32,78.54
3.4852,5.119,32,78.54
3.4852,5.714,32,78.54
3.4852,4.729,32,78.54
3.4852,5.103,32,78.54
3.4852,5.303,32,78.54
3.4852,5.086,32,78.54
3.4852,5.172,32,78.54
3.4852,5.024,32,78.54
3.4852,5.678,32,78.54
3.4852,5.171,32,78.54
3.4852,5.704,32,78.54
3.4852,4.706,32,78.54
3.4852,5.129,32,78.54
3.4852,4.809,32,78.54
3.4852,5.096,32,78.54
3.4852,4.405,32,78.54
3.4852,4.477,32,78.54
3.4852,4.72,32,78.54
3.4852,5.3,32,78.54
3.4852,4.633,32,78.54
3.4852,4.895,32,78.54
3.4852,5.509,32,78.54
3.4852,5.037,32,78.54
3.4852,5.324,32,78.54
3.4852,4.884,32,78.54
3.4852,4.578,32,78.54
3.4852,4.945,32,78.54
3.4852,5.416,32,78.54
3.4852,4.906,32,78.54
3.4852,5.363,32,78.54
3.4852,5.718,32,78.54
3.4852,4.997,32,78.54
3.4852,4.634,32,78.54
3.4852,4.557,32,78.54
3.4852,5.423,32,78.54
3.4852,4.259,32,78.54
3.4852,5.226,32,78.54
3.4852,3.922,32,78.54
3.4852,5.055,32,78.54
3.4852,5.398,32,78.54
3.4852,4.725,32,78.54
3.4852,5.712,32,78.54
3.4852,5.144,32,78.54
3.4852,5.317,32,78.54
3.4852,5.258,32,78.54
3.4852,5.127,32,78.54
3.4852,5.2,32,78.54
3.4852,3.771,32,78.54
3.4852,5.257,32,78.54
3.4852,4.959,32,78.54
3.4852,5.125,32,78.54
3.4852,5.418,32,78.54
3.4852,4.641,32,78.54
3.4852,4.809,32,78.54
3.4852,4.859,32,78.54
3.4852,5.059,32,78.54
3.4852,4.882,32,78.54
3.4852,5.202,32,78.54
3.4852,4.317,32,78.54
3.4852,5.339,32,78.54
3.4852,5.096,32,78.54
3.4852,5.303,32,78.54
3.4852,4.856,32,78.54
3.4852,5.472,32,78.54
3.4852,5.297,32,78.54
3.4852,5.223,32,78.54
3.4852,5.076,32,78.54
3.4852,5.519,32,78.54
3.4852,4.827,32,78.54
3.4852,5.796,32,78.54
3.4852,4.734,32,78.54
3.4852,5.664,32,78.54
3.4852,4.599,32,78.54
3.4852,5.236,32,78.54
3.4852,4.983,32,78.54
3.4852,5.338,32,78.54
3.4852,5.155,32,78.54
3.4852,5.315,32,78.54
3.4852,4.587,32,78.54
3.4852,4.374,32,78.54
3.4852,4.529,32,78.54
3.4852,4.52,32,78.54
3.4852,4.582,32,78.54
3.4852,4.758,32,78.54
3.4852,4.755,32,78.54
3.4852,4.992,32,78.54
3.4852,4.666,32,78.54
3.4852,4.694,32,78.54
3.4852,5.0,32,78.54
3.4852,5.899,32,78.54
3.4852,7.343,32,78.54
3.4852,8.705,32,78.54
3.5737,8.817,33,78.06
3.6635,9.963,34,77.58
3.7671,8.841,35,77.02
3.8572,9.034,36,76.54
3.9496,7.792,37,76.06
3.9496,7.629,37,76.06
3.9496,7.385,37,76.06
3.9496,6.763,37,76.06
3.9496,7.229,37,76.06
3.9496,6.68,37,76.06
3.9496,5.854,37,76.06
3.9496,6.837,37,76.06
3.9496,5.003,37,76.06
3.9496,4.804,37,76.06
3.9496,5.107,37,76.06
3.9496,5.23,37,76.06
3.9496,4.861,37,76.06
3.9496,5.221,37,76.06
3.9496,4.776,37,76.06
3.9496,4.647,37,76.06
3.9496,5.655,37,76.06
3.9496,4.857,37,76.06
3.9496,5.062,37,76.06
3.9496,4.637,37,76.06
3.9496,4.857,37,76.06
3.9496,5.452,37,76.06
3.9496,4.577,37,76.06
3.9496,4.869,37,76.06
3.9496,4.883,37,76.06
3.9496,4.104,37,76.06
3.9496,4.999,37,76.06
3.9496,5.36,37,76.06
3.9496,4.981,37,76.06
3.9496,4.955,37,76.06
3.9496,4.969,37,76.06
3.9496,5.101,37,76.06
3.9496,4.508,37,76.06
3.9496,5.1,37,76.06
3.9496,4.428,37,76.06
3.9496,4.756,37,76.06
3.9496,5.342,37,76.06
3.9496,4.781,37,76.06
3.9496,6.143,37,76.06
3.9496,5.643,37,76.06
3.9496,5.147,37,76.06
3.9496,5.424,37,76.06
3.9496,5.64,37,76.06
3.9496,3.94,37,76.06
3.9496,5.262,37,76.06
3.9496,5.286,37,76.06
3.9496,4.478,37,76.06
3.9496,5.013,37,76.06
3.9496,5.491,37,76.06
3.9496,5.125,37,76.06
3.9496,4.377,37,76.06
3.9496,5.005,37,76.06
3.9496,5.232,37,76.06
3.9496,5.293,37,76.06
3.9496,5.457,37,76.06
3.9496,5.14,37,76.06
3.9496,4.821,37,76.06
3.9496,5.01,37,76.06
3.9496,4.994,37,76.06
3.9496,4.815,37,76.06
3.9496,5.791,37,76.06
3.9496,4.773,37,76.06
3.9496,5.027,37,76.06
3.9496,4.993,37,76.06
3.9496,5.07,37,76.06
3.9496,5.752,37,76.06
3.9496,5.232,37,76.06
3.9496,4.812,37,76.06
3.9496,5.588,37,76.06
3.9496,5.303,37,76.06
3.9496,4.819,37,76.06
3.9496,5.514,37,76.06
3.9496,4.474,37,76.06
3.9496,4.565,37,76.06
3.9496,4.354,37,76.06
3.9496,4.194,37,76.06
